,minute_idx,PersonenAnzahl,temp,in_usage,heating,rgb_value,next_person_enters
0,0.0,0.0,18.0,False,False,(58; 76; 192),702
1,1.0,0.0,18.0,False,False,(58; 76; 192),702
2,2.0,0.0,18.0,False,False,(58; 76; 192),702
3,3.0,0.0,18.0,False,False,(58; 76; 192),702
4,4.0,0.0,18.0,False,False,(58; 76; 192),702
5,5.0,0.0,18.0,False,False,(58; 76; 192),702
6,6.0,0.0,18.0,False,False,(58; 76; 192),702
7,7.0,0.0,18.0,False,False,(58; 76; 192),702
8,8.0,0.0,18.0,False,False,(58; 76; 192),702
9,9.0,0.0,18.0,False,False,(58; 76; 192),702
10,10.0,0.0,18.0,False,False,(58; 76; 192),702
11,11.0,0.0,18.0,False,False,(58; 76; 192),702
12,12.0,0.0,18.0,False,False,(58; 76; 192),702
13,13.0,0.0,18.0,False,False,(58; 76; 192),702
14,14.0,0.0,18.0,False,False,(58; 76; 192),702
15,15.0,0.0,18.0,False,False,(58; 76; 192),702
16,16.0,0.0,18.0,False,False,(58; 76; 192),702
17,17.0,0.0,18.0,False,False,(58; 76; 192),702
18,18.0,0.0,18.0,False,False,(58; 76; 192),702
19,19.0,0.0,18.0,False,False,(58; 76; 192),702
20,20.0,0.0,18.0,False,False,(58; 76; 192),702
21,21.0,0.0,18.0,False,False,(58; 76; 192),702
22,22.0,0.0,18.0,False,False,(58; 76; 192),702
23,23.0,0.0,18.0,False,False,(58; 76; 192),702
24,24.0,0.0,18.0,False,False,(58; 76; 192),702
25,25.0,0.0,18.0,False,False,(58; 76; 192),702
26,26.0,0.0,18.0,False,False,(58; 76; 192),702
27,27.0,0.0,18.0,False,False,(58; 76; 192),702
28,28.0,0.0,18.0,False,False,(58; 76; 192),702
29,29.0,0.0,18.0,False,False,(58; 76; 192),702
30,30.0,0.0,18.0,False,False,(58; 76; 192),702
31,31.0,0.0,18.0,False,False,(58; 76; 192),702
32,32.0,0.0,18.0,False,False,(58; 76; 192),702
33,33.0,0.0,18.0,False,False,(58; 76; 192),702
34,34.0,0.0,18.0,False,False,(58; 76; 192),702
35,35.0,0.0,18.0,False,False,(58; 76; 192),702
36,36.0,0.0,18.0,False,False,(58; 76; 192),702
37,37.0,0.0,18.0,False,False,(58; 76; 192),702
38,38.0,0.0,18.0,False,False,(58; 76; 192),702
39,39.0,0.0,18.0,False,False,(58; 76; 192),702
40,40.0,0.0,18.0,False,False,(58; 76; 192),702
41,41.0,0.0,18.0,False,False,(58; 76; 192),702
42,42.0,0.0,18.0,False,False,(58; 76; 192),702
43,43.0,0.0,18.0,False,False,(58; 76; 192),702
44,44.0,0.0,18.0,False,False,(58; 76; 192),702
45,45.0,0.0,18.0,False,False,(58; 76; 192),702
46,46.0,0.0,18.0,False,False,(58; 76; 192),702
47,47.0,0.0,18.0,False,False,(58; 76; 192),702
48,48.0,0.0,18.0,False,False,(58; 76; 192),702
49,49.0,0.0,18.0,False,False,(58; 76; 192),702
50,50.0,0.0,18.0,False,False,(58; 76; 192),702
51,51.0,0.0,18.0,False,False,(58; 76; 192),702
52,52.0,0.0,18.0,False,False,(58; 76; 192),702
53,53.0,0.0,18.0,False,False,(58; 76; 192),702
54,54.0,0.0,18.0,False,False,(58; 76; 192),702
55,55.0,0.0,18.0,False,False,(58; 76; 192),702
56,56.0,0.0,18.0,False,False,(58; 76; 192),702
57,57.0,0.0,18.0,False,False,(58; 76; 192),702
58,58.0,0.0,18.0,False,False,(58; 76; 192),702
59,59.0,0.0,18.0,False,False,(58; 76; 192),702
60,60.0,0.0,18.0,False,False,(58; 76; 192),702
61,61.0,0.0,18.0,False,False,(58; 76; 192),702
62,62.0,0.0,18.0,False,False,(58; 76; 192),702
63,63.0,0.0,18.0,False,False,(58; 76; 192),702
64,64.0,0.0,18.0,False,False,(58; 76; 192),702
65,65.0,0.0,18.0,False,False,(58; 76; 192),702
66,66.0,0.0,18.0,False,False,(58; 76; 192),702
67,67.0,0.0,18.0,False,False,(58; 76; 192),702
68,68.0,0.0,18.0,False,False,(58; 76; 192),702
69,69.0,0.0,18.0,False,False,(58; 76; 192),702
70,70.0,0.0,18.0,False,False,(58; 76; 192),702
71,71.0,0.0,18.0,False,False,(58; 76; 192),702
72,72.0,0.0,18.0,False,False,(58; 76; 192),702
73,73.0,0.0,18.0,False,False,(58; 76; 192),702
74,74.0,0.0,18.0,False,False,(58; 76; 192),702
75,75.0,0.0,18.0,False,False,(58; 76; 192),702
76,76.0,0.0,18.0,False,False,(58; 76; 192),702
77,77.0,0.0,18.0,False,False,(58; 76; 192),702
78,78.0,0.0,18.0,False,False,(58; 76; 192),702
79,79.0,0.0,18.0,False,False,(58; 76; 192),702
80,80.0,0.0,18.0,False,False,(58; 76; 192),702
81,81.0,0.0,18.0,False,False,(58; 76; 192),702
82,82.0,0.0,18.0,False,False,(58; 76; 192),702
83,83.0,0.0,18.0,False,False,(58; 76; 192),702
84,84.0,0.0,18.0,False,False,(58; 76; 192),702
85,85.0,0.0,18.0,False,False,(58; 76; 192),702
86,86.0,0.0,18.0,False,False,(58; 76; 192),702
87,87.0,0.0,18.0,False,False,(58; 76; 192),702
88,88.0,0.0,18.0,False,False,(58; 76; 192),702
89,89.0,0.0,18.0,False,False,(58; 76; 192),702
90,90.0,0.0,18.0,False,False,(58; 76; 192),702
91,91.0,0.0,18.0,False,False,(58; 76; 192),702
92,92.0,0.0,18.0,False,False,(58; 76; 192),702
93,93.0,0.0,18.0,False,False,(58; 76; 192),702
94,94.0,0.0,18.0,False,False,(58; 76; 192),702
95,95.0,0.0,18.0,False,False,(58; 76; 192),702
96,96.0,0.0,18.0,False,False,(58; 76; 192),702
97,97.0,0.0,18.0,False,False,(58; 76; 192),702
98,98.0,0.0,18.0,False,False,(58; 76; 192),702
99,99.0,0.0,18.0,False,False,(58; 76; 192),702
100,100.0,0.0,18.0,False,False,(58; 76; 192),702
101,101.0,0.0,18.0,False,False,(58; 76; 192),702
102,102.0,0.0,18.0,False,False,(58; 76; 192),702
103,103.0,0.0,18.0,False,False,(58; 76; 192),702
104,104.0,0.0,18.0,False,False,(58; 76; 192),702
105,105.0,0.0,18.0,False,False,(58; 76; 192),702
106,106.0,0.0,18.0,False,False,(58; 76; 192),702
107,107.0,0.0,18.0,False,False,(58; 76; 192),702
108,108.0,0.0,18.0,False,False,(58; 76; 192),702
109,109.0,0.0,18.0,False,False,(58; 76; 192),702
110,110.0,0.0,18.0,False,False,(58; 76; 192),702
111,111.0,0.0,18.0,False,False,(58; 76; 192),702
112,112.0,0.0,18.0,False,False,(58; 76; 192),702
113,113.0,0.0,18.0,False,False,(58; 76; 192),702
114,114.0,0.0,18.0,False,False,(58; 76; 192),702
115,115.0,0.0,18.0,False,False,(58; 76; 192),702
116,116.0,0.0,18.0,False,False,(58; 76; 192),702
117,117.0,0.0,18.0,False,False,(58; 76; 192),702
118,118.0,0.0,18.0,False,False,(58; 76; 192),702
119,119.0,0.0,18.0,False,False,(58; 76; 192),702
120,120.0,0.0,18.0,False,False,(58; 76; 192),702
121,121.0,0.0,18.0,False,False,(58; 76; 192),702
122,122.0,0.0,18.0,False,False,(58; 76; 192),702
123,123.0,0.0,18.0,False,False,(58; 76; 192),702
124,124.0,0.0,18.0,False,False,(58; 76; 192),702
125,125.0,0.0,18.0,False,False,(58; 76; 192),702
126,126.0,0.0,18.0,False,False,(58; 76; 192),702
127,127.0,0.0,18.0,False,False,(58; 76; 192),702
128,128.0,0.0,18.0,False,False,(58; 76; 192),702
129,129.0,0.0,18.0,False,False,(58; 76; 192),702
130,130.0,0.0,18.0,False,False,(58; 76; 192),702
131,131.0,0.0,18.0,False,False,(58; 76; 192),702
132,132.0,0.0,18.0,False,False,(58; 76; 192),702
133,133.0,0.0,18.0,False,False,(58; 76; 192),702
134,134.0,0.0,18.0,False,False,(58; 76; 192),702
135,135.0,0.0,18.0,False,False,(58; 76; 192),702
136,136.0,0.0,18.0,False,False,(58; 76; 192),702
137,137.0,0.0,18.0,False,False,(58; 76; 192),702
138,138.0,0.0,18.0,False,False,(58; 76; 192),702
139,139.0,0.0,18.0,False,False,(58; 76; 192),702
140,140.0,0.0,18.0,False,False,(58; 76; 192),702
141,141.0,0.0,18.0,False,False,(58; 76; 192),702
142,142.0,0.0,18.0,False,False,(58; 76; 192),702
143,143.0,0.0,18.0,False,False,(58; 76; 192),702
144,144.0,0.0,18.0,False,False,(58; 76; 192),702
145,145.0,0.0,18.0,False,False,(58; 76; 192),702
146,146.0,0.0,18.0,False,False,(58; 76; 192),702
147,147.0,0.0,18.0,False,False,(58; 76; 192),702
148,148.0,0.0,18.0,False,False,(58; 76; 192),702
149,149.0,0.0,18.0,False,False,(58; 76; 192),702
150,150.0,0.0,18.0,False,False,(58; 76; 192),702
151,151.0,0.0,18.0,False,False,(58; 76; 192),702
152,152.0,0.0,18.0,False,False,(58; 76; 192),702
153,153.0,0.0,18.0,False,False,(58; 76; 192),702
154,154.0,0.0,18.0,False,False,(58; 76; 192),702
155,155.0,0.0,18.0,False,False,(58; 76; 192),702
156,156.0,0.0,18.0,False,False,(58; 76; 192),702
157,157.0,0.0,18.0,False,False,(58; 76; 192),702
158,158.0,0.0,18.0,False,False,(58; 76; 192),702
159,159.0,0.0,18.0,False,False,(58; 76; 192),702
160,160.0,0.0,18.0,False,False,(58; 76; 192),702
161,161.0,0.0,18.0,False,False,(58; 76; 192),702
162,162.0,0.0,18.0,False,False,(58; 76; 192),702
163,163.0,0.0,18.0,False,False,(58; 76; 192),702
164,164.0,0.0,18.0,False,False,(58; 76; 192),702
165,165.0,0.0,18.0,False,False,(58; 76; 192),702
166,166.0,0.0,18.0,False,False,(58; 76; 192),702
167,167.0,0.0,18.0,False,False,(58; 76; 192),702
168,168.0,0.0,18.0,False,False,(58; 76; 192),702
169,169.0,0.0,18.0,False,False,(58; 76; 192),702
170,170.0,0.0,18.0,False,False,(58; 76; 192),702
171,171.0,0.0,18.0,False,False,(58; 76; 192),702
172,172.0,0.0,18.0,False,False,(58; 76; 192),702
173,173.0,0.0,18.0,False,False,(58; 76; 192),702
174,174.0,0.0,18.0,False,False,(58; 76; 192),702
175,175.0,0.0,18.0,False,False,(58; 76; 192),702
176,176.0,0.0,18.0,False,False,(58; 76; 192),702
177,177.0,0.0,18.0,False,False,(58; 76; 192),702
178,178.0,0.0,18.0,False,False,(58; 76; 192),702
179,179.0,0.0,18.0,False,False,(58; 76; 192),702
180,180.0,0.0,18.0,False,False,(58; 76; 192),702
181,181.0,0.0,18.0,False,False,(58; 76; 192),702
182,182.0,0.0,18.0,False,False,(58; 76; 192),702
183,183.0,0.0,18.0,False,False,(58; 76; 192),702
184,184.0,0.0,18.0,False,False,(58; 76; 192),702
185,185.0,0.0,18.0,False,False,(58; 76; 192),702
186,186.0,0.0,18.0,False,False,(58; 76; 192),702
187,187.0,0.0,18.0,False,False,(58; 76; 192),702
188,188.0,0.0,18.0,False,False,(58; 76; 192),702
189,189.0,0.0,18.0,False,False,(58; 76; 192),702
190,190.0,0.0,18.0,False,False,(58; 76; 192),702
191,191.0,0.0,18.0,False,False,(58; 76; 192),702
192,192.0,0.0,18.0,False,False,(58; 76; 192),702
193,193.0,0.0,18.0,False,False,(58; 76; 192),702
194,194.0,0.0,18.0,False,False,(58; 76; 192),702
195,195.0,0.0,18.0,False,False,(58; 76; 192),702
196,196.0,0.0,18.0,False,False,(58; 76; 192),702
197,197.0,0.0,18.0,False,False,(58; 76; 192),702
198,198.0,0.0,18.0,False,False,(58; 76; 192),702
199,199.0,0.0,18.0,False,False,(58; 76; 192),702
200,200.0,0.0,18.0,False,False,(58; 76; 192),702
201,201.0,0.0,18.0,False,False,(58; 76; 192),702
202,202.0,0.0,18.0,False,False,(58; 76; 192),702
203,203.0,0.0,18.0,False,False,(58; 76; 192),702
204,204.0,0.0,18.0,False,False,(58; 76; 192),702
205,205.0,0.0,18.0,False,False,(58; 76; 192),702
206,206.0,0.0,18.0,False,False,(58; 76; 192),702
207,207.0,0.0,18.0,False,False,(58; 76; 192),702
208,208.0,0.0,18.0,False,False,(58; 76; 192),702
209,209.0,0.0,18.0,False,False,(58; 76; 192),702
210,210.0,0.0,18.0,False,False,(58; 76; 192),702
211,211.0,0.0,18.0,False,False,(58; 76; 192),702
212,212.0,0.0,18.0,False,False,(58; 76; 192),702
213,213.0,0.0,18.0,False,False,(58; 76; 192),702
214,214.0,0.0,18.0,False,False,(58; 76; 192),702
215,215.0,0.0,18.0,False,False,(58; 76; 192),702
216,216.0,0.0,18.0,False,False,(58; 76; 192),702
217,217.0,0.0,18.0,False,False,(58; 76; 192),702
218,218.0,0.0,18.0,False,False,(58; 76; 192),702
219,219.0,0.0,18.0,False,False,(58; 76; 192),702
220,220.0,0.0,18.0,False,False,(58; 76; 192),702
221,221.0,0.0,18.0,False,False,(58; 76; 192),702
222,222.0,0.0,18.0,False,False,(58; 76; 192),702
223,223.0,0.0,18.0,False,False,(58; 76; 192),702
224,224.0,0.0,18.0,False,False,(58; 76; 192),702
225,225.0,0.0,18.0,False,False,(58; 76; 192),702
226,226.0,0.0,18.0,False,False,(58; 76; 192),702
227,227.0,0.0,18.0,False,False,(58; 76; 192),702
228,228.0,0.0,18.0,False,False,(58; 76; 192),702
229,229.0,0.0,18.0,False,False,(58; 76; 192),702
230,230.0,0.0,18.0,False,False,(58; 76; 192),702
231,231.0,0.0,18.0,False,False,(58; 76; 192),702
232,232.0,0.0,18.0,False,False,(58; 76; 192),702
233,233.0,0.0,18.0,False,False,(58; 76; 192),702
234,234.0,0.0,18.0,False,False,(58; 76; 192),702
235,235.0,0.0,18.0,False,False,(58; 76; 192),702
236,236.0,0.0,18.0,False,False,(58; 76; 192),702
237,237.0,0.0,18.0,False,False,(58; 76; 192),702
238,238.0,0.0,18.0,False,False,(58; 76; 192),702
239,239.0,0.0,18.0,False,False,(58; 76; 192),702
240,240.0,0.0,18.0,False,False,(58; 76; 192),702
241,241.0,0.0,18.0,False,False,(58; 76; 192),702
242,242.0,0.0,18.0,False,False,(58; 76; 192),702
243,243.0,0.0,18.0,False,False,(58; 76; 192),702
244,244.0,0.0,18.0,False,False,(58; 76; 192),702
245,245.0,0.0,18.0,False,False,(58; 76; 192),702
246,246.0,0.0,18.0,False,False,(58; 76; 192),702
247,247.0,0.0,18.0,False,False,(58; 76; 192),702
248,248.0,0.0,18.0,False,False,(58; 76; 192),702
249,249.0,0.0,18.0,False,False,(58; 76; 192),702
250,250.0,0.0,18.0,False,False,(58; 76; 192),702
251,251.0,0.0,18.0,False,False,(58; 76; 192),702
252,252.0,0.0,18.0,False,False,(58; 76; 192),702
253,253.0,0.0,18.0,False,False,(58; 76; 192),702
254,254.0,0.0,18.0,False,False,(58; 76; 192),702
255,255.0,0.0,18.0,False,False,(58; 76; 192),702
256,256.0,0.0,18.0,False,False,(58; 76; 192),702
257,257.0,0.0,18.0,False,False,(58; 76; 192),702
258,258.0,0.0,18.0,False,False,(58; 76; 192),702
259,259.0,0.0,18.0,False,False,(58; 76; 192),702
260,260.0,0.0,18.0,False,False,(58; 76; 192),702
261,261.0,0.0,18.0,False,False,(58; 76; 192),702
262,262.0,0.0,18.0,False,False,(58; 76; 192),702
263,263.0,0.0,18.0,False,False,(58; 76; 192),702
264,264.0,0.0,18.0,False,False,(58; 76; 192),702
265,265.0,0.0,18.0,False,False,(58; 76; 192),702
266,266.0,0.0,18.0,False,False,(58; 76; 192),702
267,267.0,0.0,18.0,False,False,(58; 76; 192),702
268,268.0,0.0,18.0,False,False,(58; 76; 192),702
269,269.0,0.0,18.0,False,False,(58; 76; 192),702
270,270.0,0.0,18.0,False,False,(58; 76; 192),702
271,271.0,0.0,18.0,False,False,(58; 76; 192),702
272,272.0,0.0,18.0,False,False,(58; 76; 192),702
273,273.0,0.0,18.0,False,False,(58; 76; 192),702
274,274.0,0.0,18.0,False,False,(58; 76; 192),702
275,275.0,0.0,18.0,False,False,(58; 76; 192),702
276,276.0,0.0,18.0,False,False,(58; 76; 192),702
277,277.0,0.0,18.0,False,False,(58; 76; 192),702
278,278.0,0.0,18.0,False,False,(58; 76; 192),702
279,279.0,0.0,18.0,False,False,(58; 76; 192),702
280,280.0,0.0,18.0,False,False,(58; 76; 192),702
281,281.0,0.0,18.0,False,False,(58; 76; 192),702
282,282.0,0.0,18.0,False,False,(58; 76; 192),702
283,283.0,0.0,18.0,False,False,(58; 76; 192),702
284,284.0,0.0,18.0,False,False,(58; 76; 192),702
285,285.0,0.0,18.0,False,False,(58; 76; 192),702
286,286.0,0.0,18.0,False,False,(58; 76; 192),702
287,287.0,0.0,18.0,False,False,(58; 76; 192),702
288,288.0,0.0,18.0,False,False,(58; 76; 192),702
289,289.0,0.0,18.0,False,False,(58; 76; 192),702
290,290.0,0.0,18.0,False,False,(58; 76; 192),702
291,291.0,0.0,18.0,False,False,(58; 76; 192),702
292,292.0,0.0,18.0,False,False,(58; 76; 192),702
293,293.0,0.0,18.0,False,False,(58; 76; 192),702
294,294.0,0.0,18.0,False,False,(58; 76; 192),702
295,295.0,0.0,18.0,False,False,(58; 76; 192),702
296,296.0,0.0,18.0,False,False,(58; 76; 192),702
297,297.0,0.0,18.0,False,False,(58; 76; 192),702
298,298.0,0.0,18.0,False,False,(58; 76; 192),702
299,299.0,0.0,18.0,False,False,(58; 76; 192),702
300,300.0,0.0,18.0,False,False,(58; 76; 192),702
301,301.0,0.0,18.0,False,False,(58; 76; 192),702
302,302.0,0.0,18.0,False,False,(58; 76; 192),702
303,303.0,0.0,18.0,False,False,(58; 76; 192),702
304,304.0,0.0,18.0,False,False,(58; 76; 192),702
305,305.0,0.0,18.0,False,False,(58; 76; 192),702
306,306.0,0.0,18.0,False,False,(58; 76; 192),702
307,307.0,0.0,18.0,False,False,(58; 76; 192),702
308,308.0,0.0,18.0,False,False,(58; 76; 192),702
309,309.0,0.0,18.0,False,False,(58; 76; 192),702
310,310.0,0.0,18.0,False,False,(58; 76; 192),702
311,311.0,0.0,18.0,False,False,(58; 76; 192),702
312,312.0,0.0,18.0,False,False,(58; 76; 192),702
313,313.0,0.0,18.0,False,False,(58; 76; 192),702
314,314.0,0.0,18.0,False,False,(58; 76; 192),702
315,315.0,0.0,18.0,False,False,(58; 76; 192),702
316,316.0,0.0,18.0,False,False,(58; 76; 192),702
317,317.0,0.0,18.0,False,False,(58; 76; 192),702
318,318.0,0.0,18.0,False,False,(58; 76; 192),702
319,319.0,0.0,18.0,False,False,(58; 76; 192),702
320,320.0,0.0,18.0,False,False,(58; 76; 192),702
321,321.0,0.0,18.0,False,False,(58; 76; 192),702
322,322.0,0.0,18.0,False,False,(58; 76; 192),702
323,323.0,0.0,18.0,False,False,(58; 76; 192),702
324,324.0,0.0,18.0,False,False,(58; 76; 192),702
325,325.0,0.0,18.0,False,False,(58; 76; 192),702
326,326.0,0.0,18.0,False,False,(58; 76; 192),702
327,327.0,0.0,18.0,False,False,(58; 76; 192),702
328,328.0,0.0,18.0,False,False,(58; 76; 192),702
329,329.0,0.0,18.0,False,False,(58; 76; 192),702
330,330.0,0.0,18.0,False,False,(58; 76; 192),702
331,331.0,0.0,18.0,False,False,(58; 76; 192),702
332,332.0,0.0,18.0,False,False,(58; 76; 192),702
333,333.0,0.0,18.0,False,False,(58; 76; 192),702
334,334.0,0.0,18.0,False,False,(58; 76; 192),702
335,335.0,0.0,18.0,False,False,(58; 76; 192),702
336,336.0,0.0,18.0,False,False,(58; 76; 192),702
337,337.0,0.0,18.0,False,False,(58; 76; 192),702
338,338.0,0.0,18.0,False,False,(58; 76; 192),702
339,339.0,0.0,18.0,False,False,(58; 76; 192),702
340,340.0,0.0,18.0,False,False,(58; 76; 192),702
341,341.0,0.0,18.0,False,False,(58; 76; 192),702
342,342.0,0.0,18.0,False,False,(58; 76; 192),702
343,343.0,0.0,18.0,False,False,(58; 76; 192),702
344,344.0,0.0,18.0,False,False,(58; 76; 192),702
345,345.0,0.0,18.0,False,False,(58; 76; 192),702
346,346.0,0.0,18.0,False,False,(58; 76; 192),702
347,347.0,0.0,18.0,False,False,(58; 76; 192),702
348,348.0,0.0,18.0,False,False,(58; 76; 192),702
349,349.0,0.0,18.0,False,False,(58; 76; 192),702
350,350.0,0.0,18.0,False,False,(58; 76; 192),702
351,351.0,0.0,18.0,False,False,(58; 76; 192),702
352,352.0,0.0,18.0,False,False,(58; 76; 192),702
353,353.0,0.0,18.0,False,False,(58; 76; 192),702
354,354.0,0.0,18.0,False,False,(58; 76; 192),702
355,355.0,0.0,18.0,False,False,(58; 76; 192),702
356,356.0,0.0,18.0,False,False,(58; 76; 192),702
357,357.0,0.0,18.0,False,False,(58; 76; 192),702
358,358.0,0.0,18.0,False,False,(58; 76; 192),702
359,359.0,0.0,18.0,False,False,(58; 76; 192),702
360,360.0,0.0,18.0,False,False,(58; 76; 192),702
361,361.0,0.0,18.0,False,False,(58; 76; 192),702
362,362.0,0.0,18.0,False,False,(58; 76; 192),702
363,363.0,0.0,18.0,False,False,(58; 76; 192),702
364,364.0,0.0,18.0,False,False,(58; 76; 192),702
365,365.0,0.0,18.0,False,False,(58; 76; 192),702
366,366.0,0.0,18.0,False,False,(58; 76; 192),702
367,367.0,0.0,18.0,False,False,(58; 76; 192),702
368,368.0,0.0,18.0,False,False,(58; 76; 192),702
369,369.0,0.0,18.0,False,False,(58; 76; 192),702
370,370.0,0.0,18.0,False,False,(58; 76; 192),702
371,371.0,0.0,18.0,False,False,(58; 76; 192),702
372,372.0,0.0,18.0,False,False,(58; 76; 192),702
373,373.0,0.0,18.0,False,False,(58; 76; 192),702
374,374.0,0.0,18.0,False,False,(58; 76; 192),702
375,375.0,0.0,18.0,False,False,(58; 76; 192),702
376,376.0,0.0,18.0,False,False,(58; 76; 192),702
377,377.0,0.0,18.0,False,False,(58; 76; 192),702
378,378.0,0.0,18.0,False,False,(58; 76; 192),702
379,379.0,0.0,18.0,False,False,(58; 76; 192),702
380,380.0,0.0,18.0,False,False,(58; 76; 192),702
381,381.0,0.0,18.0,False,False,(58; 76; 192),702
382,382.0,0.0,18.0,False,False,(58; 76; 192),702
383,383.0,0.0,18.0,False,False,(58; 76; 192),702
384,384.0,0.0,18.0,False,False,(58; 76; 192),702
385,385.0,0.0,18.0,False,False,(58; 76; 192),702
386,386.0,0.0,18.0,False,False,(58; 76; 192),702
387,387.0,0.0,18.0,False,False,(58; 76; 192),702
388,388.0,0.0,18.0,False,False,(58; 76; 192),702
389,389.0,0.0,18.0,False,False,(58; 76; 192),702
390,390.0,0.0,18.0,False,False,(58; 76; 192),702
391,391.0,0.0,18.0,False,False,(58; 76; 192),702
392,392.0,0.0,18.0,False,False,(58; 76; 192),702
393,393.0,0.0,18.0,False,False,(58; 76; 192),702
394,394.0,0.0,18.0,False,False,(58; 76; 192),702
395,395.0,0.0,18.0,False,False,(58; 76; 192),702
396,396.0,0.0,18.0,False,False,(58; 76; 192),702
397,397.0,0.0,18.0,False,False,(58; 76; 192),702
398,398.0,0.0,18.0,False,False,(58; 76; 192),702
399,399.0,0.0,18.0,False,False,(58; 76; 192),702
400,400.0,0.0,18.0,False,False,(58; 76; 192),702
401,401.0,0.0,18.0,False,False,(58; 76; 192),702
402,402.0,0.0,18.0,False,False,(58; 76; 192),702
403,403.0,0.0,18.0,False,False,(58; 76; 192),702
404,404.0,0.0,18.0,False,False,(58; 76; 192),702
405,405.0,0.0,18.0,False,False,(58; 76; 192),702
406,406.0,0.0,18.0,False,False,(58; 76; 192),702
407,407.0,0.0,18.0,False,False,(58; 76; 192),702
408,408.0,0.0,18.0,False,False,(58; 76; 192),702
409,409.0,0.0,18.0,False,False,(58; 76; 192),702
410,410.0,0.0,18.0,False,False,(58; 76; 192),702
411,411.0,0.0,18.0,False,False,(58; 76; 192),702
412,412.0,0.0,18.0,False,False,(58; 76; 192),702
413,413.0,0.0,18.0,False,False,(58; 76; 192),702
414,414.0,0.0,18.0,False,False,(58; 76; 192),702
415,415.0,0.0,18.0,False,False,(58; 76; 192),702
416,416.0,0.0,18.0,False,False,(58; 76; 192),702
417,417.0,0.0,18.0,False,False,(58; 76; 192),702
418,418.0,0.0,18.0,False,False,(58; 76; 192),702
419,419.0,0.0,18.0,False,False,(58; 76; 192),702
420,420.0,0.0,18.0,False,False,(58; 76; 192),702
421,421.0,0.0,18.0,False,False,(58; 76; 192),702
422,422.0,0.0,18.0,False,False,(58; 76; 192),702
423,423.0,0.0,18.0,False,False,(58; 76; 192),702
424,424.0,0.0,18.0,False,False,(58; 76; 192),702
425,425.0,0.0,18.0,False,False,(58; 76; 192),702
426,426.0,0.0,18.0,False,False,(58; 76; 192),702
427,427.0,0.0,18.0,False,False,(58; 76; 192),702
428,428.0,0.0,18.0,False,False,(58; 76; 192),702
429,429.0,0.0,18.0,False,False,(58; 76; 192),702
430,430.0,0.0,18.0,False,False,(58; 76; 192),702
431,431.0,0.0,18.0,False,False,(58; 76; 192),702
432,432.0,0.0,18.0,False,False,(58; 76; 192),702
433,433.0,0.0,18.0,False,False,(58; 76; 192),702
434,434.0,0.0,18.0,False,False,(58; 76; 192),702
435,435.0,0.0,18.0,False,False,(58; 76; 192),702
436,436.0,0.0,18.0,False,False,(58; 76; 192),702
437,437.0,0.0,18.0,False,False,(58; 76; 192),702
438,438.0,0.0,18.0,False,False,(58; 76; 192),702
439,439.0,0.0,18.0,False,False,(58; 76; 192),702
440,440.0,0.0,18.0,False,False,(58; 76; 192),702
441,441.0,0.0,18.0,False,False,(58; 76; 192),702
442,442.0,0.0,18.0,False,False,(58; 76; 192),702
443,443.0,0.0,18.0,False,False,(58; 76; 192),702
444,444.0,0.0,18.0,False,False,(58; 76; 192),702
445,445.0,0.0,18.0,False,False,(58; 76; 192),702
446,446.0,0.0,18.0,False,False,(58; 76; 192),702
447,447.0,0.0,18.0,False,False,(58; 76; 192),702
448,448.0,0.0,18.0,False,False,(58; 76; 192),702
449,449.0,0.0,18.0,False,False,(58; 76; 192),702
450,450.0,0.0,18.0,False,False,(58; 76; 192),702
451,451.0,0.0,18.0,False,False,(58; 76; 192),702
452,452.0,0.0,18.0,False,False,(58; 76; 192),702
453,453.0,0.0,18.0,False,False,(58; 76; 192),702
454,454.0,0.0,18.0,False,False,(58; 76; 192),702
455,455.0,0.0,18.0,False,False,(58; 76; 192),702
456,456.0,0.0,18.0,False,False,(58; 76; 192),702
457,457.0,0.0,18.0,False,False,(58; 76; 192),702
458,458.0,0.0,18.0,False,False,(58; 76; 192),702
459,459.0,0.0,18.0,False,False,(58; 76; 192),702
460,460.0,0.0,18.0,False,False,(58; 76; 192),702
461,461.0,0.0,18.0,False,False,(58; 76; 192),702
462,462.0,0.0,18.0,False,False,(58; 76; 192),702
463,463.0,0.0,18.0,False,False,(58; 76; 192),702
464,464.0,0.0,18.0,False,False,(58; 76; 192),702
465,465.0,0.0,18.0,False,False,(58; 76; 192),702
466,466.0,0.0,18.0,False,False,(58; 76; 192),702
467,467.0,0.0,18.0,False,False,(58; 76; 192),702
468,468.0,0.0,18.0,False,False,(58; 76; 192),702
469,469.0,0.0,18.0,False,False,(58; 76; 192),702
470,470.0,0.0,18.0,False,False,(58; 76; 192),702
471,471.0,0.0,18.0,False,False,(58; 76; 192),702
472,472.0,0.0,18.0,False,False,(58; 76; 192),702
473,473.0,0.0,18.0,False,False,(58; 76; 192),702
474,474.0,0.0,18.0,False,False,(58; 76; 192),702
475,475.0,0.0,18.0,False,False,(58; 76; 192),702
476,476.0,0.0,18.0,False,False,(58; 76; 192),702
477,477.0,0.0,18.0,False,False,(58; 76; 192),702
478,478.0,0.0,18.0,False,False,(58; 76; 192),702
479,479.0,0.0,18.0,False,False,(58; 76; 192),702
480,480.0,0.0,18.0,False,False,(58; 76; 192),702
481,481.0,0.0,18.0,False,False,(58; 76; 192),702
482,482.0,0.0,18.0,False,False,(58; 76; 192),702
483,483.0,0.0,18.0,False,False,(58; 76; 192),702
484,484.0,0.0,18.0,False,False,(58; 76; 192),702
485,485.0,0.0,18.0,False,False,(58; 76; 192),702
486,486.0,0.0,18.0,False,False,(58; 76; 192),702
487,487.0,0.0,18.0,False,False,(58; 76; 192),702
488,488.0,0.0,18.0,False,False,(58; 76; 192),702
489,489.0,0.0,18.0,False,False,(58; 76; 192),702
490,490.0,0.0,18.0,False,False,(58; 76; 192),702
491,491.0,0.0,18.0,False,False,(58; 76; 192),702
492,492.0,0.0,18.0,False,False,(58; 76; 192),702
493,493.0,0.0,18.0,False,False,(58; 76; 192),702
494,494.0,0.0,18.0,False,False,(58; 76; 192),702
495,495.0,0.0,18.0,False,False,(58; 76; 192),702
496,496.0,0.0,18.0,False,False,(58; 76; 192),702
497,497.0,0.0,18.0,False,False,(58; 76; 192),702
498,498.0,0.0,18.0,False,False,(58; 76; 192),702
499,499.0,0.0,18.0,False,False,(58; 76; 192),702
500,500.0,0.0,18.0,False,False,(58; 76; 192),702
501,501.0,0.0,18.0,False,False,(58; 76; 192),702
502,502.0,0.0,18.0,False,False,(58; 76; 192),702
503,503.0,0.0,18.0,False,False,(58; 76; 192),702
504,504.0,0.0,18.0,False,False,(58; 76; 192),702
505,505.0,0.0,18.0,False,False,(58; 76; 192),702
506,506.0,0.0,18.0,False,False,(58; 76; 192),702
507,507.0,0.0,18.0,False,False,(58; 76; 192),702
508,508.0,0.0,18.0,False,False,(58; 76; 192),702
509,509.0,0.0,18.0,False,False,(58; 76; 192),702
510,510.0,0.0,18.0,False,False,(58; 76; 192),702
511,511.0,0.0,18.0,False,False,(58; 76; 192),702
512,512.0,0.0,18.0,False,False,(58; 76; 192),702
513,513.0,0.0,18.0,False,False,(58; 76; 192),702
514,514.0,0.0,18.0,False,False,(58; 76; 192),702
515,515.0,0.0,18.0,False,False,(58; 76; 192),702
516,516.0,0.0,18.0,False,False,(58; 76; 192),702
517,517.0,0.0,18.0,False,False,(58; 76; 192),702
518,518.0,0.0,18.0,False,False,(58; 76; 192),702
519,519.0,0.0,18.0,False,False,(58; 76; 192),702
520,520.0,0.0,18.0,False,False,(58; 76; 192),702
521,521.0,0.0,18.0,False,False,(58; 76; 192),702
522,522.0,0.0,18.0,False,False,(58; 76; 192),702
523,523.0,0.0,18.0,False,False,(58; 76; 192),702
524,524.0,0.0,18.0,False,False,(58; 76; 192),702
525,525.0,0.0,18.0,False,False,(58; 76; 192),702
526,526.0,0.0,18.0,False,False,(58; 76; 192),702
527,527.0,0.0,18.0,False,False,(58; 76; 192),702
528,528.0,0.0,18.0,False,False,(58; 76; 192),702
529,529.0,0.0,18.0,False,False,(58; 76; 192),702
530,530.0,0.0,18.0,False,False,(58; 76; 192),702
531,531.0,0.0,18.0,False,False,(58; 76; 192),702
532,532.0,0.0,18.0,False,False,(58; 76; 192),702
533,533.0,0.0,18.0,False,False,(58; 76; 192),702
534,534.0,0.0,18.0,False,False,(58; 76; 192),702
535,535.0,0.0,18.0,False,False,(58; 76; 192),702
536,536.0,0.0,18.0,False,False,(58; 76; 192),702
537,537.0,0.0,18.0,False,False,(58; 76; 192),702
538,538.0,0.0,18.0,False,False,(58; 76; 192),702
539,539.0,0.0,18.0,False,False,(58; 76; 192),702
540,540.0,0.0,18.0,False,False,(58; 76; 192),702
541,541.0,0.0,18.0,False,False,(58; 76; 192),702
542,542.0,0.0,18.0,False,False,(58; 76; 192),702
543,543.0,0.0,18.0,False,False,(58; 76; 192),702
544,544.0,0.0,18.0,False,False,(58; 76; 192),702
545,545.0,0.0,18.0,False,False,(58; 76; 192),702
546,546.0,0.0,18.0,False,False,(58; 76; 192),702
547,547.0,0.0,18.0,False,False,(58; 76; 192),702
548,548.0,0.0,18.0,False,False,(58; 76; 192),702
549,549.0,0.0,18.0,False,False,(58; 76; 192),702
550,550.0,0.0,18.0,False,False,(58; 76; 192),702
551,551.0,0.0,18.0,False,False,(58; 76; 192),702
552,552.0,0.0,18.0,False,False,(58; 76; 192),702
553,553.0,0.0,18.0,False,False,(58; 76; 192),702
554,554.0,0.0,18.0,False,False,(58; 76; 192),702
555,555.0,0.0,18.0,False,False,(58; 76; 192),702
556,556.0,0.0,18.0,False,False,(58; 76; 192),702
557,557.0,0.0,18.0,False,False,(58; 76; 192),702
558,558.0,0.0,18.0,False,False,(58; 76; 192),702
559,559.0,0.0,18.0,False,False,(58; 76; 192),702
560,560.0,0.0,18.0,False,False,(58; 76; 192),702
561,561.0,0.0,18.0,False,False,(58; 76; 192),702
562,562.0,0.0,18.0,False,False,(58; 76; 192),702
563,563.0,0.0,18.0,False,False,(58; 76; 192),702
564,564.0,0.0,18.0,False,False,(58; 76; 192),702
565,565.0,0.0,18.0,False,False,(58; 76; 192),702
566,566.0,0.0,18.0,False,False,(58; 76; 192),702
567,567.0,0.0,18.0,False,False,(58; 76; 192),702
568,568.0,0.0,18.0,False,False,(58; 76; 192),702
569,569.0,0.0,18.0,False,False,(58; 76; 192),702
570,570.0,0.0,18.0,False,False,(58; 76; 192),702
571,571.0,0.0,18.0,False,False,(58; 76; 192),702
572,572.0,0.0,18.0,False,False,(58; 76; 192),702
573,573.0,0.0,18.0,False,False,(58; 76; 192),702
574,574.0,0.0,18.0,False,False,(58; 76; 192),702
575,575.0,0.0,18.0,False,False,(58; 76; 192),702
576,576.0,0.0,18.0,False,False,(58; 76; 192),702
577,577.0,0.0,18.0,False,False,(58; 76; 192),702
578,578.0,0.0,18.0,False,False,(58; 76; 192),702
579,579.0,0.0,18.0,False,False,(58; 76; 192),702
580,580.0,0.0,18.0,False,False,(58; 76; 192),702
581,581.0,0.0,18.0,False,False,(58; 76; 192),702
582,582.0,0.0,18.0,False,False,(58; 76; 192),702
583,583.0,0.0,18.0,False,False,(58; 76; 192),702
584,584.0,0.0,18.0,False,False,(58; 76; 192),702
585,585.0,0.0,18.0,False,False,(58; 76; 192),702
586,586.0,0.0,18.0,False,False,(58; 76; 192),702
587,587.0,0.0,18.0,False,False,(58; 76; 192),702
588,588.0,0.0,18.0,False,False,(58; 76; 192),702
589,589.0,0.0,18.0,False,False,(58; 76; 192),702
590,590.0,0.0,18.0,False,False,(58; 76; 192),702
591,591.0,0.0,18.0,False,False,(58; 76; 192),702
592,592.0,0.0,18.0,False,False,(58; 76; 192),702
593,593.0,0.0,18.0,False,False,(58; 76; 192),702
594,594.0,0.0,18.0,False,False,(58; 76; 192),702
595,595.0,0.0,18.0,False,False,(58; 76; 192),702
596,596.0,0.0,18.0,False,False,(58; 76; 192),702
597,597.0,0.0,18.0,False,False,(58; 76; 192),702
598,598.0,0.0,18.0,False,False,(58; 76; 192),702
599,599.0,0.0,18.0,False,False,(58; 76; 192),702
600,600.0,0.0,18.0,False,False,(58; 76; 192),702
601,601.0,0.0,18.0,False,False,(58; 76; 192),702
602,602.0,0.0,18.0,False,False,(58; 76; 192),702
603,603.0,0.0,18.0,False,False,(58; 76; 192),702
604,604.0,0.0,18.0,False,False,(58; 76; 192),702
605,605.0,0.0,18.0,False,False,(58; 76; 192),702
606,606.0,0.0,18.0,False,False,(58; 76; 192),702
607,607.0,0.0,18.0,False,False,(58; 76; 192),702
608,608.0,0.0,18.0,False,False,(58; 76; 192),702
609,609.0,0.0,18.0,False,False,(58; 76; 192),702
610,610.0,0.0,18.0,False,False,(58; 76; 192),702
611,611.0,0.0,18.0,False,False,(58; 76; 192),702
612,612.0,0.0,18.0,False,False,(58; 76; 192),702
613,613.0,0.0,18.0,False,False,(58; 76; 192),702
614,614.0,0.0,18.0,False,False,(58; 76; 192),702
615,615.0,0.0,18.0,False,False,(58; 76; 192),702
616,616.0,0.0,18.0,False,False,(58; 76; 192),702
617,617.0,0.0,18.0,False,False,(58; 76; 192),702
618,618.0,0.0,18.0,False,False,(58; 76; 192),702
619,619.0,0.0,18.0,False,False,(58; 76; 192),702
620,620.0,0.0,18.0,False,False,(58; 76; 192),702
621,621.0,0.0,18.0,False,False,(58; 76; 192),702
622,622.0,0.0,18.0,False,False,(58; 76; 192),702
623,623.0,0.0,18.0,False,False,(58; 76; 192),702
624,624.0,0.0,18.0,False,False,(58; 76; 192),702
625,625.0,0.0,18.0,False,False,(58; 76; 192),702
626,626.0,0.0,18.0,False,False,(58; 76; 192),702
627,627.0,0.0,18.0,False,False,(58; 76; 192),702
628,628.0,0.0,18.0,False,False,(58; 76; 192),702
629,629.0,0.0,18.0,False,False,(58; 76; 192),702
630,630.0,0.0,18.0,False,False,(58; 76; 192),702
631,631.0,0.0,18.0,False,False,(58; 76; 192),702
632,632.0,0.0,18.0,False,False,(58; 76; 192),702
633,633.0,0.0,18.0,False,False,(58; 76; 192),702
634,634.0,0.0,18.0,False,False,(58; 76; 192),702
635,635.0,0.0,18.0,False,False,(58; 76; 192),702
636,636.0,0.0,18.0,False,False,(58; 76; 192),702
637,637.0,0.0,18.0,False,False,(58; 76; 192),702
638,638.0,0.0,18.0,False,False,(58; 76; 192),702
639,639.0,0.0,18.0,False,False,(58; 76; 192),702
640,640.0,0.0,18.0,False,False,(58; 76; 192),702
641,641.0,0.0,18.0,False,False,(58; 76; 192),702
642,642.0,0.0,18.0,False,False,(58; 76; 192),702
643,643.0,0.0,18.0,False,False,(58; 76; 192),702
644,644.0,0.0,18.0,False,False,(58; 76; 192),702
645,645.0,0.0,18.0,False,False,(58; 76; 192),702
646,646.0,0.0,18.0,False,False,(58; 76; 192),702
647,647.0,0.0,18.0,False,False,(58; 76; 192),702
648,648.0,0.0,18.0,False,False,(58; 76; 192),702
649,649.0,0.0,18.0,False,False,(58; 76; 192),702
650,650.0,0.0,18.0,False,False,(58; 76; 192),702
651,651.0,0.0,18.0,False,False,(58; 76; 192),702
652,652.0,0.0,18.0,False,False,(58; 76; 192),702
653,653.0,0.0,18.0,False,False,(58; 76; 192),702
654,654.0,0.0,18.0,False,False,(58; 76; 192),702
655,655.0,0.0,18.0,False,False,(58; 76; 192),702
656,656.0,0.0,18.0,False,False,(58; 76; 192),702
657,657.0,0.0,18.0,False,False,(58; 76; 192),702
658,658.0,0.0,18.0,False,False,(58; 76; 192),702
659,659.0,0.0,18.0,False,False,(58; 76; 192),702
660,660.0,0.0,18.0,False,False,(58; 76; 192),702
661,661.0,0.0,18.0,False,False,(58; 76; 192),702
662,662.0,0.0,18.0,False,False,(58; 76; 192),702
663,663.0,0.0,18.0,False,False,(58; 76; 192),702
664,664.0,0.0,18.0,False,False,(58; 76; 192),702
665,665.0,0.0,18.0,False,False,(58; 76; 192),702
666,666.0,0.0,18.0,False,False,(58; 76; 192),702
667,667.0,0.0,18.0,False,False,(58; 76; 192),702
668,668.0,0.0,18.0,False,False,(58; 76; 192),702
669,669.0,0.0,18.0,False,False,(58; 76; 192),702
670,670.0,0.0,18.0,False,False,(58; 76; 192),702
671,671.0,0.0,18.0,False,False,(58; 76; 192),702
672,672.0,0.0,18.0,False,False,(58; 76; 192),702
673,673.0,0.0,18.0,False,False,(58; 76; 192),702
674,674.0,0.0,18.0,False,False,(58; 76; 192),702
675,675.0,0.0,18.0,False,False,(58; 76; 192),702
676,676.0,0.0,18.0,False,False,(58; 76; 192),702
677,677.0,0.0,18.0,False,False,(58; 76; 192),702
678,678.0,0.0,18.0,False,False,(58; 76; 192),702
679,679.0,0.0,18.0,False,False,(58; 76; 192),702
680,680.0,0.0,18.0,False,False,(58; 76; 192),702
681,681.0,0.0,18.0,False,False,(58; 76; 192),702
682,682.0,0.0,18.0,False,False,(58; 76; 192),702
683,683.0,0.0,18.0,False,False,(58; 76; 192),702
684,684.0,0.0,18.0,False,False,(58; 76; 192),702
685,685.0,0.0,18.0,False,False,(58; 76; 192),702
686,686.0,0.0,18.0,False,False,(58; 76; 192),702
687,687.0,0.0,18.0,False,False,(58; 76; 192),702
688,688.0,0.0,18.0,False,False,(58; 76; 192),702
689,689.0,0.0,18.0,False,False,(58; 76; 192),702
690,690.0,0.0,18.0,False,False,(58; 76; 192),702
691,691.0,0.0,18.0,False,False,(58; 76; 192),702
692,692.0,0.0,18.0,False,False,(58; 76; 192),702
693,693.0,0.0,18.0,False,False,(58; 76; 192),702
694,694.0,0.0,18.0,False,False,(58; 76; 192),702
695,695.0,0.0,18.0,False,False,(58; 76; 192),702
696,696.0,0.0,18.022,False,True,(59; 77; 193),702
697,697.0,0.0,18.685,False,True,(112; 147; 243),702
698,698.0,0.0,19.348,False,True,(171; 199; 252),702
699,699.0,0.0,20.011,False,True,(221; 220; 219),702
700,700.0,0.0,20.674,False,True,(246; 182; 154),702
701,701.0,0.0,21.337,False,True,(230; 116; 90),702
702,702.0,1.0,22.0,True,True,(179; 3; 38),702
703,703.0,1.0,22.0,True,True,(179; 3; 38),702
704,704.0,1.0,22.0,True,True,(179; 3; 38),702
705,705.0,1.0,22.0,True,True,(179; 3; 38),702
706,706.0,1.0,22.0,True,True,(179; 3; 38),702
707,707.0,1.0,22.0,True,True,(179; 3; 38),702
708,708.0,1.0,22.0,True,True,(179; 3; 38),702
709,709.0,1.0,22.0,True,True,(179; 3; 38),702
710,710.0,1.0,22.0,True,True,(179; 3; 38),702
711,711.0,1.0,22.0,True,True,(179; 3; 38),702
712,712.0,1.0,22.0,True,True,(179; 3; 38),702
713,713.0,1.0,22.0,True,True,(179; 3; 38),702
714,714.0,1.0,22.0,True,True,(179; 3; 38),702
715,715.0,1.0,22.0,True,True,(179; 3; 38),702
716,716.0,1.0,22.0,True,True,(179; 3; 38),702
717,717.0,1.0,22.0,True,True,(179; 3; 38),702
718,718.0,1.0,22.0,True,True,(179; 3; 38),702
719,719.0,1.0,22.0,True,True,(179; 3; 38),702
720,720.0,1.0,22.0,True,True,(179; 3; 38),702
721,721.0,1.0,22.0,True,True,(179; 3; 38),702
722,722.0,1.0,22.0,True,True,(179; 3; 38),702
723,723.0,1.0,22.0,True,True,(179; 3; 38),702
724,724.0,1.0,22.0,True,True,(179; 3; 38),702
725,725.0,1.0,22.0,True,True,(179; 3; 38),702
726,726.0,1.0,22.0,True,True,(179; 3; 38),702
727,727.0,1.0,22.0,True,True,(179; 3; 38),702
728,728.0,1.0,22.0,True,True,(179; 3; 38),702
729,729.0,1.0,22.0,True,True,(179; 3; 38),702
730,730.0,1.0,22.0,True,True,(179; 3; 38),702
731,731.0,1.0,22.0,True,True,(179; 3; 38),702
732,732.0,1.0,22.0,True,True,(179; 3; 38),702
733,733.0,1.0,22.0,True,True,(179; 3; 38),702
734,734.0,1.0,22.0,True,True,(179; 3; 38),702
735,735.0,1.0,22.0,True,True,(179; 3; 38),702
736,736.0,1.0,22.0,True,True,(179; 3; 38),702
737,737.0,1.0,22.0,True,True,(179; 3; 38),702
738,738.0,1.0,22.0,True,True,(179; 3; 38),702
739,739.0,1.0,22.0,True,True,(179; 3; 38),702
740,740.0,1.0,22.0,True,True,(179; 3; 38),702
741,741.0,1.0,22.0,True,True,(179; 3; 38),702
742,742.0,1.0,22.0,True,True,(179; 3; 38),702
743,743.0,1.0,22.0,True,True,(179; 3; 38),702
744,744.0,1.0,22.0,True,True,(179; 3; 38),702
745,745.0,1.0,22.0,True,True,(179; 3; 38),702
746,746.0,1.0,22.0,True,True,(179; 3; 38),702
747,747.0,1.0,22.0,True,True,(179; 3; 38),702
748,748.0,1.0,22.0,True,True,(179; 3; 38),702
749,749.0,1.0,22.0,True,True,(179; 3; 38),702
750,750.0,1.0,22.0,True,True,(179; 3; 38),702
751,751.0,1.0,22.0,True,True,(179; 3; 38),702
752,752.0,1.0,22.0,True,True,(179; 3; 38),702
753,753.0,1.0,22.0,True,True,(179; 3; 38),702
754,754.0,1.0,22.0,True,True,(179; 3; 38),702
755,755.0,1.0,22.0,True,True,(179; 3; 38),702
756,756.0,1.0,22.0,True,True,(179; 3; 38),702
757,757.0,1.0,22.0,True,True,(179; 3; 38),702
758,758.0,1.0,22.0,True,True,(179; 3; 38),702
759,759.0,1.0,22.0,True,True,(179; 3; 38),702
760,760.0,1.0,22.0,True,True,(179; 3; 38),702
761,761.0,1.0,22.0,True,True,(179; 3; 38),702
762,762.0,1.0,22.0,True,True,(179; 3; 38),702
763,763.0,1.0,22.0,True,True,(179; 3; 38),702
764,764.0,1.0,22.0,True,True,(179; 3; 38),702
765,765.0,1.0,22.0,True,True,(179; 3; 38),702
766,766.0,1.0,22.0,True,True,(179; 3; 38),702
767,767.0,1.0,22.0,True,True,(179; 3; 38),702
768,768.0,1.0,22.0,True,True,(179; 3; 38),702
769,769.0,1.0,22.0,True,True,(179; 3; 38),702
770,770.0,1.0,22.0,True,True,(179; 3; 38),702
771,771.0,1.0,22.0,True,True,(179; 3; 38),702
772,772.0,1.0,22.0,True,True,(179; 3; 38),702
773,773.0,1.0,22.0,True,True,(179; 3; 38),702
774,774.0,1.0,22.0,True,True,(179; 3; 38),702
775,775.0,1.0,22.0,True,True,(179; 3; 38),702
776,776.0,1.0,22.0,True,True,(179; 3; 38),702
777,777.0,1.0,22.0,True,True,(179; 3; 38),702
778,778.0,1.0,22.0,True,True,(179; 3; 38),702
779,779.0,1.0,22.0,True,True,(179; 3; 38),702
780,780.0,1.0,22.0,True,True,(179; 3; 38),702
781,781.0,1.0,22.0,True,True,(179; 3; 38),702
782,782.0,1.0,22.0,True,True,(179; 3; 38),702
783,783.0,1.0,22.0,True,True,(179; 3; 38),702
784,784.0,1.0,22.0,True,True,(179; 3; 38),702
785,785.0,1.0,22.0,True,True,(179; 3; 38),702
786,786.0,1.0,22.0,True,True,(179; 3; 38),702
787,787.0,1.0,22.0,True,True,(179; 3; 38),702
788,788.0,1.0,22.0,True,True,(179; 3; 38),702
789,789.0,1.0,22.0,True,True,(179; 3; 38),702
790,790.0,1.0,22.0,True,True,(179; 3; 38),702
791,791.0,1.0,22.0,True,True,(179; 3; 38),702
792,792.0,1.0,22.0,True,True,(179; 3; 38),702
793,793.0,1.0,22.0,True,True,(179; 3; 38),702
794,794.0,1.0,22.0,True,True,(179; 3; 38),702
795,795.0,1.0,22.0,True,True,(179; 3; 38),702
796,796.0,1.0,22.0,True,True,(179; 3; 38),702
797,797.0,1.0,22.0,True,True,(179; 3; 38),702
798,798.0,1.0,22.0,True,True,(179; 3; 38),702
799,799.0,1.0,22.0,True,True,(179; 3; 38),702
800,800.0,1.0,22.0,True,True,(179; 3; 38),702
801,801.0,1.0,22.0,True,True,(179; 3; 38),702
802,802.0,1.0,22.0,True,True,(179; 3; 38),702
803,803.0,1.0,22.0,True,True,(179; 3; 38),702
804,804.0,1.0,22.0,True,True,(179; 3; 38),702
805,805.0,1.0,22.0,True,True,(179; 3; 38),702
806,806.0,1.0,22.0,True,True,(179; 3; 38),702
807,807.0,1.0,22.0,True,True,(179; 3; 38),702
808,808.0,0.0,21.0,False,False,(243; 152; 121),702
-1,,,,,,,702
