minute_idx,PersonenAnzahl,temp,in_usage,heating,rgb_value,next_person_enters
0.0,0.0,18.0,False,False,(58; 76; 192),808
1.0,0.0,18.0,False,False,(58; 76; 192),808
2.0,0.0,18.0,False,False,(58; 76; 192),808
3.0,0.0,18.0,False,False,(58; 76; 192),808
4.0,0.0,18.0,False,False,(58; 76; 192),808
5.0,0.0,18.0,False,False,(58; 76; 192),808
6.0,0.0,18.0,False,False,(58; 76; 192),808
7.0,0.0,18.0,False,False,(58; 76; 192),808
8.0,0.0,18.0,False,False,(58; 76; 192),808
9.0,0.0,18.0,False,False,(58; 76; 192),808
10.0,0.0,18.0,False,False,(58; 76; 192),808
11.0,0.0,18.0,False,False,(58; 76; 192),808
12.0,0.0,18.0,False,False,(58; 76; 192),808
13.0,0.0,18.0,False,False,(58; 76; 192),808
14.0,0.0,18.0,False,False,(58; 76; 192),808
15.0,0.0,18.0,False,False,(58; 76; 192),808
16.0,0.0,18.0,False,False,(58; 76; 192),808
17.0,0.0,18.0,False,False,(58; 76; 192),808
18.0,0.0,18.0,False,False,(58; 76; 192),808
19.0,0.0,18.0,False,False,(58; 76; 192),808
20.0,0.0,18.0,False,False,(58; 76; 192),808
21.0,0.0,18.0,False,False,(58; 76; 192),808
22.0,0.0,18.0,False,False,(58; 76; 192),808
23.0,0.0,18.0,False,False,(58; 76; 192),808
24.0,0.0,18.0,False,False,(58; 76; 192),808
25.0,0.0,18.0,False,False,(58; 76; 192),808
26.0,0.0,18.0,False,False,(58; 76; 192),808
27.0,0.0,18.0,False,False,(58; 76; 192),808
28.0,0.0,18.0,False,False,(58; 76; 192),808
29.0,0.0,18.0,False,False,(58; 76; 192),808
30.0,0.0,18.0,False,False,(58; 76; 192),808
31.0,0.0,18.0,False,False,(58; 76; 192),808
32.0,0.0,18.0,False,False,(58; 76; 192),808
33.0,0.0,18.0,False,False,(58; 76; 192),808
34.0,0.0,18.0,False,False,(58; 76; 192),808
35.0,0.0,18.0,False,False,(58; 76; 192),808
36.0,0.0,18.0,False,False,(58; 76; 192),808
37.0,0.0,18.0,False,False,(58; 76; 192),808
38.0,0.0,18.0,False,False,(58; 76; 192),808
39.0,0.0,18.0,False,False,(58; 76; 192),808
40.0,0.0,18.0,False,False,(58; 76; 192),808
41.0,0.0,18.0,False,False,(58; 76; 192),808
42.0,0.0,18.0,False,False,(58; 76; 192),808
43.0,0.0,18.0,False,False,(58; 76; 192),808
44.0,0.0,18.0,False,False,(58; 76; 192),808
45.0,0.0,18.0,False,False,(58; 76; 192),808
46.0,0.0,18.0,False,False,(58; 76; 192),808
47.0,0.0,18.0,False,False,(58; 76; 192),808
48.0,0.0,18.0,False,False,(58; 76; 192),808
49.0,0.0,18.0,False,False,(58; 76; 192),808
50.0,0.0,18.0,False,False,(58; 76; 192),808
51.0,0.0,18.0,False,False,(58; 76; 192),808
52.0,0.0,18.0,False,False,(58; 76; 192),808
53.0,0.0,18.0,False,False,(58; 76; 192),808
54.0,0.0,18.0,False,False,(58; 76; 192),808
55.0,0.0,18.0,False,False,(58; 76; 192),808
56.0,0.0,18.0,False,False,(58; 76; 192),808
57.0,0.0,18.0,False,False,(58; 76; 192),808
58.0,0.0,18.0,False,False,(58; 76; 192),808
59.0,0.0,18.0,False,False,(58; 76; 192),808
60.0,0.0,18.0,False,False,(58; 76; 192),808
61.0,0.0,18.0,False,False,(58; 76; 192),808
62.0,0.0,18.0,False,False,(58; 76; 192),808
63.0,0.0,18.0,False,False,(58; 76; 192),808
64.0,0.0,18.0,False,False,(58; 76; 192),808
65.0,0.0,18.0,False,False,(58; 76; 192),808
66.0,0.0,18.0,False,False,(58; 76; 192),808
67.0,0.0,18.0,False,False,(58; 76; 192),808
68.0,0.0,18.0,False,False,(58; 76; 192),808
69.0,0.0,18.0,False,False,(58; 76; 192),808
70.0,0.0,18.0,False,False,(58; 76; 192),808
71.0,0.0,18.0,False,False,(58; 76; 192),808
72.0,0.0,18.0,False,False,(58; 76; 192),808
73.0,0.0,18.0,False,False,(58; 76; 192),808
74.0,0.0,18.0,False,False,(58; 76; 192),808
75.0,0.0,18.0,False,False,(58; 76; 192),808
76.0,0.0,18.0,False,False,(58; 76; 192),808
77.0,0.0,18.0,False,False,(58; 76; 192),808
78.0,0.0,18.0,False,False,(58; 76; 192),808
79.0,0.0,18.0,False,False,(58; 76; 192),808
80.0,0.0,18.0,False,False,(58; 76; 192),808
81.0,0.0,18.0,False,False,(58; 76; 192),808
82.0,0.0,18.0,False,False,(58; 76; 192),808
83.0,0.0,18.0,False,False,(58; 76; 192),808
84.0,0.0,18.0,False,False,(58; 76; 192),808
85.0,0.0,18.0,False,False,(58; 76; 192),808
86.0,0.0,18.0,False,False,(58; 76; 192),808
87.0,0.0,18.0,False,False,(58; 76; 192),808
88.0,0.0,18.0,False,False,(58; 76; 192),808
89.0,0.0,18.0,False,False,(58; 76; 192),808
90.0,0.0,18.0,False,False,(58; 76; 192),808
91.0,0.0,18.0,False,False,(58; 76; 192),808
92.0,0.0,18.0,False,False,(58; 76; 192),808
93.0,0.0,18.0,False,False,(58; 76; 192),808
94.0,0.0,18.0,False,False,(58; 76; 192),808
95.0,0.0,18.0,False,False,(58; 76; 192),808
96.0,0.0,18.0,False,False,(58; 76; 192),808
97.0,0.0,18.0,False,False,(58; 76; 192),808
98.0,0.0,18.0,False,False,(58; 76; 192),808
99.0,0.0,18.0,False,False,(58; 76; 192),808
100.0,0.0,18.0,False,False,(58; 76; 192),808
101.0,0.0,18.0,False,False,(58; 76; 192),808
102.0,0.0,18.0,False,False,(58; 76; 192),808
103.0,0.0,18.0,False,False,(58; 76; 192),808
104.0,0.0,18.0,False,False,(58; 76; 192),808
105.0,0.0,18.0,False,False,(58; 76; 192),808
106.0,0.0,18.0,False,False,(58; 76; 192),808
107.0,0.0,18.0,False,False,(58; 76; 192),808
108.0,0.0,18.0,False,False,(58; 76; 192),808
109.0,0.0,18.0,False,False,(58; 76; 192),808
110.0,0.0,18.0,False,False,(58; 76; 192),808
111.0,0.0,18.0,False,False,(58; 76; 192),808
112.0,0.0,18.0,False,False,(58; 76; 192),808
113.0,0.0,18.0,False,False,(58; 76; 192),808
114.0,0.0,18.0,False,False,(58; 76; 192),808
115.0,0.0,18.0,False,False,(58; 76; 192),808
116.0,0.0,18.0,False,False,(58; 76; 192),808
117.0,0.0,18.0,False,False,(58; 76; 192),808
118.0,0.0,18.0,False,False,(58; 76; 192),808
119.0,0.0,18.0,False,False,(58; 76; 192),808
120.0,0.0,18.0,False,False,(58; 76; 192),808
121.0,0.0,18.0,False,False,(58; 76; 192),808
122.0,0.0,18.0,False,False,(58; 76; 192),808
123.0,0.0,18.0,False,False,(58; 76; 192),808
124.0,0.0,18.0,False,False,(58; 76; 192),808
125.0,0.0,18.0,False,False,(58; 76; 192),808
126.0,0.0,18.0,False,False,(58; 76; 192),808
127.0,0.0,18.0,False,False,(58; 76; 192),808
128.0,0.0,18.0,False,False,(58; 76; 192),808
129.0,0.0,18.0,False,False,(58; 76; 192),808
130.0,0.0,18.0,False,False,(58; 76; 192),808
131.0,0.0,18.0,False,False,(58; 76; 192),808
132.0,0.0,18.0,False,False,(58; 76; 192),808
133.0,0.0,18.0,False,False,(58; 76; 192),808
134.0,0.0,18.0,False,False,(58; 76; 192),808
135.0,0.0,18.0,False,False,(58; 76; 192),808
136.0,0.0,18.0,False,False,(58; 76; 192),808
137.0,0.0,18.0,False,False,(58; 76; 192),808
138.0,0.0,18.0,False,False,(58; 76; 192),808
139.0,0.0,18.0,False,False,(58; 76; 192),808
140.0,0.0,18.0,False,False,(58; 76; 192),808
141.0,0.0,18.0,False,False,(58; 76; 192),808
142.0,0.0,18.0,False,False,(58; 76; 192),808
143.0,0.0,18.0,False,False,(58; 76; 192),808
144.0,0.0,18.0,False,False,(58; 76; 192),808
145.0,0.0,18.0,False,False,(58; 76; 192),808
146.0,0.0,18.0,False,False,(58; 76; 192),808
147.0,0.0,18.0,False,False,(58; 76; 192),808
148.0,0.0,18.0,False,False,(58; 76; 192),808
149.0,0.0,18.0,False,False,(58; 76; 192),808
150.0,0.0,18.0,False,False,(58; 76; 192),808
151.0,0.0,18.0,False,False,(58; 76; 192),808
152.0,0.0,18.0,False,False,(58; 76; 192),808
153.0,0.0,18.0,False,False,(58; 76; 192),808
154.0,0.0,18.0,False,False,(58; 76; 192),808
155.0,0.0,18.0,False,False,(58; 76; 192),808
156.0,0.0,18.0,False,False,(58; 76; 192),808
157.0,0.0,18.0,False,False,(58; 76; 192),808
158.0,0.0,18.0,False,False,(58; 76; 192),808
159.0,0.0,18.0,False,False,(58; 76; 192),808
160.0,0.0,18.0,False,False,(58; 76; 192),808
161.0,0.0,18.0,False,False,(58; 76; 192),808
162.0,0.0,18.0,False,False,(58; 76; 192),808
163.0,0.0,18.0,False,False,(58; 76; 192),808
164.0,0.0,18.0,False,False,(58; 76; 192),808
165.0,0.0,18.0,False,False,(58; 76; 192),808
166.0,0.0,18.0,False,False,(58; 76; 192),808
167.0,0.0,18.0,False,False,(58; 76; 192),808
168.0,0.0,18.0,False,False,(58; 76; 192),808
169.0,0.0,18.0,False,False,(58; 76; 192),808
170.0,0.0,18.0,False,False,(58; 76; 192),808
171.0,0.0,18.0,False,False,(58; 76; 192),808
172.0,0.0,18.0,False,False,(58; 76; 192),808
173.0,0.0,18.0,False,False,(58; 76; 192),808
174.0,0.0,18.0,False,False,(58; 76; 192),808
175.0,0.0,18.0,False,False,(58; 76; 192),808
176.0,0.0,18.0,False,False,(58; 76; 192),808
177.0,0.0,18.0,False,False,(58; 76; 192),808
178.0,0.0,18.0,False,False,(58; 76; 192),808
179.0,0.0,18.0,False,False,(58; 76; 192),808
180.0,0.0,18.0,False,False,(58; 76; 192),808
181.0,0.0,18.0,False,False,(58; 76; 192),808
182.0,0.0,18.0,False,False,(58; 76; 192),808
183.0,0.0,18.0,False,False,(58; 76; 192),808
184.0,0.0,18.0,False,False,(58; 76; 192),808
185.0,0.0,18.0,False,False,(58; 76; 192),808
186.0,0.0,18.0,False,False,(58; 76; 192),808
187.0,0.0,18.0,False,False,(58; 76; 192),808
188.0,0.0,18.0,False,False,(58; 76; 192),808
189.0,0.0,18.0,False,False,(58; 76; 192),808
190.0,0.0,18.0,False,False,(58; 76; 192),808
191.0,0.0,18.0,False,False,(58; 76; 192),808
192.0,0.0,18.0,False,False,(58; 76; 192),808
193.0,0.0,18.0,False,False,(58; 76; 192),808
194.0,0.0,18.0,False,False,(58; 76; 192),808
195.0,0.0,18.0,False,False,(58; 76; 192),808
196.0,0.0,18.0,False,False,(58; 76; 192),808
197.0,0.0,18.0,False,False,(58; 76; 192),808
198.0,0.0,18.0,False,False,(58; 76; 192),808
199.0,0.0,18.0,False,False,(58; 76; 192),808
200.0,0.0,18.0,False,False,(58; 76; 192),808
201.0,0.0,18.0,False,False,(58; 76; 192),808
202.0,0.0,18.0,False,False,(58; 76; 192),808
203.0,0.0,18.0,False,False,(58; 76; 192),808
204.0,0.0,18.0,False,False,(58; 76; 192),808
205.0,0.0,18.0,False,False,(58; 76; 192),808
206.0,0.0,18.0,False,False,(58; 76; 192),808
207.0,0.0,18.0,False,False,(58; 76; 192),808
208.0,0.0,18.0,False,False,(58; 76; 192),808
209.0,0.0,18.0,False,False,(58; 76; 192),808
210.0,0.0,18.0,False,False,(58; 76; 192),808
211.0,0.0,18.0,False,False,(58; 76; 192),808
212.0,0.0,18.0,False,False,(58; 76; 192),808
213.0,0.0,18.0,False,False,(58; 76; 192),808
214.0,0.0,18.0,False,False,(58; 76; 192),808
215.0,0.0,18.0,False,False,(58; 76; 192),808
216.0,0.0,18.0,False,False,(58; 76; 192),808
217.0,0.0,18.0,False,False,(58; 76; 192),808
218.0,0.0,18.0,False,False,(58; 76; 192),808
219.0,0.0,18.0,False,False,(58; 76; 192),808
220.0,0.0,18.0,False,False,(58; 76; 192),808
221.0,0.0,18.0,False,False,(58; 76; 192),808
222.0,0.0,18.0,False,False,(58; 76; 192),808
223.0,0.0,18.0,False,False,(58; 76; 192),808
224.0,0.0,18.0,False,False,(58; 76; 192),808
225.0,0.0,18.0,False,False,(58; 76; 192),808
226.0,0.0,18.0,False,False,(58; 76; 192),808
227.0,0.0,18.0,False,False,(58; 76; 192),808
228.0,0.0,18.0,False,False,(58; 76; 192),808
229.0,0.0,18.0,False,False,(58; 76; 192),808
230.0,0.0,18.0,False,False,(58; 76; 192),808
231.0,0.0,18.0,False,False,(58; 76; 192),808
232.0,0.0,18.0,False,False,(58; 76; 192),808
233.0,0.0,18.0,False,False,(58; 76; 192),808
234.0,0.0,18.0,False,False,(58; 76; 192),808
235.0,0.0,18.0,False,False,(58; 76; 192),808
236.0,0.0,18.0,False,False,(58; 76; 192),808
237.0,0.0,18.0,False,False,(58; 76; 192),808
238.0,0.0,18.0,False,False,(58; 76; 192),808
239.0,0.0,18.0,False,False,(58; 76; 192),808
240.0,0.0,18.0,False,False,(58; 76; 192),808
241.0,0.0,18.0,False,False,(58; 76; 192),808
242.0,0.0,18.0,False,False,(58; 76; 192),808
243.0,0.0,18.0,False,False,(58; 76; 192),808
244.0,0.0,18.0,False,False,(58; 76; 192),808
245.0,0.0,18.0,False,False,(58; 76; 192),808
246.0,0.0,18.0,False,False,(58; 76; 192),808
247.0,0.0,18.0,False,False,(58; 76; 192),808
248.0,0.0,18.0,False,False,(58; 76; 192),808
249.0,0.0,18.0,False,False,(58; 76; 192),808
250.0,0.0,18.0,False,False,(58; 76; 192),808
251.0,0.0,18.0,False,False,(58; 76; 192),808
252.0,0.0,18.0,False,False,(58; 76; 192),808
253.0,0.0,18.0,False,False,(58; 76; 192),808
254.0,0.0,18.0,False,False,(58; 76; 192),808
255.0,0.0,18.0,False,False,(58; 76; 192),808
256.0,0.0,18.0,False,False,(58; 76; 192),808
257.0,0.0,18.0,False,False,(58; 76; 192),808
258.0,0.0,18.0,False,False,(58; 76; 192),808
259.0,0.0,18.0,False,False,(58; 76; 192),808
260.0,0.0,18.0,False,False,(58; 76; 192),808
261.0,0.0,18.0,False,False,(58; 76; 192),808
262.0,0.0,18.0,False,False,(58; 76; 192),808
263.0,0.0,18.0,False,False,(58; 76; 192),808
264.0,0.0,18.0,False,False,(58; 76; 192),808
265.0,0.0,18.0,False,False,(58; 76; 192),808
266.0,0.0,18.0,False,False,(58; 76; 192),808
267.0,0.0,18.0,False,False,(58; 76; 192),808
268.0,0.0,18.0,False,False,(58; 76; 192),808
269.0,0.0,18.0,False,False,(58; 76; 192),808
270.0,0.0,18.0,False,False,(58; 76; 192),808
271.0,0.0,18.0,False,False,(58; 76; 192),808
272.0,0.0,18.0,False,False,(58; 76; 192),808
273.0,0.0,18.0,False,False,(58; 76; 192),808
274.0,0.0,18.0,False,False,(58; 76; 192),808
275.0,0.0,18.0,False,False,(58; 76; 192),808
276.0,0.0,18.0,False,False,(58; 76; 192),808
277.0,0.0,18.0,False,False,(58; 76; 192),808
278.0,0.0,18.0,False,False,(58; 76; 192),808
279.0,0.0,18.0,False,False,(58; 76; 192),808
280.0,0.0,18.0,False,False,(58; 76; 192),808
281.0,0.0,18.0,False,False,(58; 76; 192),808
282.0,0.0,18.0,False,False,(58; 76; 192),808
283.0,0.0,18.0,False,False,(58; 76; 192),808
284.0,0.0,18.0,False,False,(58; 76; 192),808
285.0,0.0,18.0,False,False,(58; 76; 192),808
286.0,0.0,18.0,False,False,(58; 76; 192),808
287.0,0.0,18.0,False,False,(58; 76; 192),808
288.0,0.0,18.0,False,False,(58; 76; 192),808
289.0,0.0,18.0,False,False,(58; 76; 192),808
290.0,0.0,18.0,False,False,(58; 76; 192),808
291.0,0.0,18.0,False,False,(58; 76; 192),808
292.0,0.0,18.0,False,False,(58; 76; 192),808
293.0,0.0,18.0,False,False,(58; 76; 192),808
294.0,0.0,18.0,False,False,(58; 76; 192),808
295.0,0.0,18.0,False,False,(58; 76; 192),808
296.0,0.0,18.0,False,False,(58; 76; 192),808
297.0,0.0,18.0,False,False,(58; 76; 192),808
298.0,0.0,18.0,False,False,(58; 76; 192),808
299.0,0.0,18.0,False,False,(58; 76; 192),808
300.0,0.0,18.0,False,False,(58; 76; 192),808
301.0,0.0,18.0,False,False,(58; 76; 192),808
302.0,0.0,18.0,False,False,(58; 76; 192),808
303.0,0.0,18.0,False,False,(58; 76; 192),808
304.0,0.0,18.0,False,False,(58; 76; 192),808
305.0,0.0,18.0,False,False,(58; 76; 192),808
306.0,0.0,18.0,False,False,(58; 76; 192),808
307.0,0.0,18.0,False,False,(58; 76; 192),808
308.0,0.0,18.0,False,False,(58; 76; 192),808
309.0,0.0,18.0,False,False,(58; 76; 192),808
310.0,0.0,18.0,False,False,(58; 76; 192),808
311.0,0.0,18.0,False,False,(58; 76; 192),808
312.0,0.0,18.0,False,False,(58; 76; 192),808
313.0,0.0,18.0,False,False,(58; 76; 192),808
314.0,0.0,18.0,False,False,(58; 76; 192),808
315.0,0.0,18.0,False,False,(58; 76; 192),808
316.0,0.0,18.0,False,False,(58; 76; 192),808
317.0,0.0,18.0,False,False,(58; 76; 192),808
318.0,0.0,18.0,False,False,(58; 76; 192),808
319.0,0.0,18.0,False,False,(58; 76; 192),808
320.0,0.0,18.0,False,False,(58; 76; 192),808
321.0,0.0,18.0,False,False,(58; 76; 192),808
322.0,0.0,18.0,False,False,(58; 76; 192),808
323.0,0.0,18.0,False,False,(58; 76; 192),808
324.0,0.0,18.0,False,False,(58; 76; 192),808
325.0,0.0,18.0,False,False,(58; 76; 192),808
326.0,0.0,18.0,False,False,(58; 76; 192),808
327.0,0.0,18.0,False,False,(58; 76; 192),808
328.0,0.0,18.0,False,False,(58; 76; 192),808
329.0,0.0,18.0,False,False,(58; 76; 192),808
330.0,0.0,18.0,False,False,(58; 76; 192),808
331.0,0.0,18.0,False,False,(58; 76; 192),808
332.0,0.0,18.0,False,False,(58; 76; 192),808
333.0,0.0,18.0,False,False,(58; 76; 192),808
334.0,0.0,18.0,False,False,(58; 76; 192),808
335.0,0.0,18.0,False,False,(58; 76; 192),808
336.0,0.0,18.0,False,False,(58; 76; 192),808
337.0,0.0,18.0,False,False,(58; 76; 192),808
338.0,0.0,18.0,False,False,(58; 76; 192),808
339.0,0.0,18.0,False,False,(58; 76; 192),808
340.0,0.0,18.0,False,False,(58; 76; 192),808
341.0,0.0,18.0,False,False,(58; 76; 192),808
342.0,0.0,18.0,False,False,(58; 76; 192),808
343.0,0.0,18.0,False,False,(58; 76; 192),808
344.0,0.0,18.0,False,False,(58; 76; 192),808
345.0,0.0,18.0,False,False,(58; 76; 192),808
346.0,0.0,18.0,False,False,(58; 76; 192),808
347.0,0.0,18.0,False,False,(58; 76; 192),808
348.0,0.0,18.0,False,False,(58; 76; 192),808
349.0,0.0,18.0,False,False,(58; 76; 192),808
350.0,0.0,18.0,False,False,(58; 76; 192),808
351.0,0.0,18.0,False,False,(58; 76; 192),808
352.0,0.0,18.0,False,False,(58; 76; 192),808
353.0,0.0,18.0,False,False,(58; 76; 192),808
354.0,0.0,18.0,False,False,(58; 76; 192),808
355.0,0.0,18.0,False,False,(58; 76; 192),808
356.0,0.0,18.0,False,False,(58; 76; 192),808
357.0,0.0,18.0,False,False,(58; 76; 192),808
358.0,0.0,18.0,False,False,(58; 76; 192),808
359.0,0.0,18.0,False,False,(58; 76; 192),808
360.0,0.0,18.0,False,False,(58; 76; 192),808
361.0,0.0,18.0,False,False,(58; 76; 192),808
362.0,0.0,18.0,False,False,(58; 76; 192),808
363.0,0.0,18.0,False,False,(58; 76; 192),808
364.0,0.0,18.0,False,False,(58; 76; 192),808
365.0,0.0,18.0,False,False,(58; 76; 192),808
366.0,0.0,18.0,False,False,(58; 76; 192),808
367.0,0.0,18.0,False,False,(58; 76; 192),808
368.0,0.0,18.0,False,False,(58; 76; 192),808
369.0,0.0,18.0,False,False,(58; 76; 192),808
370.0,0.0,18.0,False,False,(58; 76; 192),808
371.0,0.0,18.0,False,False,(58; 76; 192),808
372.0,0.0,18.0,False,False,(58; 76; 192),808
373.0,0.0,18.0,False,False,(58; 76; 192),808
374.0,0.0,18.0,False,False,(58; 76; 192),808
375.0,0.0,18.0,False,False,(58; 76; 192),808
376.0,0.0,18.0,False,False,(58; 76; 192),808
377.0,0.0,18.0,False,False,(58; 76; 192),808
378.0,0.0,18.0,False,False,(58; 76; 192),808
379.0,0.0,18.0,False,False,(58; 76; 192),808
380.0,0.0,18.0,False,False,(58; 76; 192),808
381.0,0.0,18.0,False,False,(58; 76; 192),808
382.0,0.0,18.0,False,False,(58; 76; 192),808
383.0,0.0,18.0,False,False,(58; 76; 192),808
384.0,0.0,18.0,False,False,(58; 76; 192),808
385.0,0.0,18.0,False,False,(58; 76; 192),808
386.0,0.0,18.0,False,False,(58; 76; 192),808
387.0,0.0,18.0,False,False,(58; 76; 192),808
388.0,0.0,18.0,False,False,(58; 76; 192),808
389.0,0.0,18.0,False,False,(58; 76; 192),808
390.0,0.0,18.0,False,False,(58; 76; 192),808
391.0,0.0,18.0,False,False,(58; 76; 192),808
392.0,0.0,18.0,False,False,(58; 76; 192),808
393.0,0.0,18.0,False,False,(58; 76; 192),808
394.0,0.0,18.0,False,False,(58; 76; 192),808
395.0,0.0,18.0,False,False,(58; 76; 192),808
396.0,0.0,18.0,False,False,(58; 76; 192),808
397.0,0.0,18.0,False,False,(58; 76; 192),808
398.0,0.0,18.0,False,False,(58; 76; 192),808
399.0,0.0,18.0,False,False,(58; 76; 192),808
400.0,0.0,18.0,False,False,(58; 76; 192),808
401.0,0.0,18.0,False,False,(58; 76; 192),808
402.0,0.0,18.0,False,False,(58; 76; 192),808
403.0,0.0,18.0,False,False,(58; 76; 192),808
404.0,0.0,18.0,False,False,(58; 76; 192),808
405.0,0.0,18.0,False,False,(58; 76; 192),808
406.0,0.0,18.0,False,False,(58; 76; 192),808
407.0,0.0,18.0,False,False,(58; 76; 192),808
408.0,0.0,18.0,False,False,(58; 76; 192),808
409.0,0.0,18.0,False,False,(58; 76; 192),808
410.0,0.0,18.0,False,False,(58; 76; 192),808
411.0,0.0,18.0,False,False,(58; 76; 192),808
412.0,0.0,18.0,False,False,(58; 76; 192),808
413.0,0.0,18.0,False,False,(58; 76; 192),808
414.0,0.0,18.0,False,False,(58; 76; 192),808
415.0,0.0,18.0,False,False,(58; 76; 192),808
416.0,0.0,18.0,False,False,(58; 76; 192),808
417.0,0.0,18.0,False,False,(58; 76; 192),808
418.0,0.0,18.0,False,False,(58; 76; 192),808
419.0,0.0,18.0,False,False,(58; 76; 192),808
420.0,0.0,18.0,False,False,(58; 76; 192),808
421.0,0.0,18.0,False,False,(58; 76; 192),808
422.0,0.0,18.0,False,False,(58; 76; 192),808
423.0,0.0,18.0,False,False,(58; 76; 192),808
424.0,0.0,18.0,False,False,(58; 76; 192),808
425.0,0.0,18.0,False,False,(58; 76; 192),808
426.0,0.0,18.0,False,False,(58; 76; 192),808
427.0,0.0,18.0,False,False,(58; 76; 192),808
428.0,0.0,18.0,False,False,(58; 76; 192),808
429.0,0.0,18.0,False,False,(58; 76; 192),808
430.0,0.0,18.0,False,False,(58; 76; 192),808
431.0,0.0,18.0,False,False,(58; 76; 192),808
432.0,0.0,18.0,False,False,(58; 76; 192),808
433.0,0.0,18.0,False,False,(58; 76; 192),808
434.0,0.0,18.0,False,False,(58; 76; 192),808
435.0,0.0,18.0,False,False,(58; 76; 192),808
436.0,0.0,18.0,False,False,(58; 76; 192),808
437.0,0.0,18.0,False,False,(58; 76; 192),808
438.0,0.0,18.0,False,False,(58; 76; 192),808
439.0,0.0,18.0,False,False,(58; 76; 192),808
440.0,0.0,18.0,False,False,(58; 76; 192),808
441.0,0.0,18.0,False,False,(58; 76; 192),808
442.0,0.0,18.0,False,False,(58; 76; 192),808
443.0,0.0,18.0,False,False,(58; 76; 192),808
444.0,0.0,18.0,False,False,(58; 76; 192),808
445.0,0.0,18.0,False,False,(58; 76; 192),808
446.0,0.0,18.0,False,False,(58; 76; 192),808
447.0,0.0,18.0,False,False,(58; 76; 192),808
448.0,0.0,18.0,False,False,(58; 76; 192),808
449.0,0.0,18.0,False,False,(58; 76; 192),808
450.0,0.0,18.0,False,False,(58; 76; 192),808
451.0,0.0,18.0,False,False,(58; 76; 192),808
452.0,0.0,18.0,False,False,(58; 76; 192),808
453.0,0.0,18.0,False,False,(58; 76; 192),808
454.0,0.0,18.0,False,False,(58; 76; 192),808
455.0,0.0,18.0,False,False,(58; 76; 192),808
456.0,0.0,18.0,False,False,(58; 76; 192),808
457.0,0.0,18.0,False,False,(58; 76; 192),808
458.0,0.0,18.0,False,False,(58; 76; 192),808
459.0,0.0,18.0,False,False,(58; 76; 192),808
460.0,0.0,18.0,False,False,(58; 76; 192),808
461.0,0.0,18.0,False,False,(58; 76; 192),808
462.0,0.0,18.0,False,False,(58; 76; 192),808
463.0,0.0,18.0,False,False,(58; 76; 192),808
464.0,0.0,18.0,False,False,(58; 76; 192),808
465.0,0.0,18.0,False,False,(58; 76; 192),808
466.0,0.0,18.0,False,False,(58; 76; 192),808
467.0,0.0,18.0,False,False,(58; 76; 192),808
468.0,0.0,18.0,False,False,(58; 76; 192),808
469.0,0.0,18.0,False,False,(58; 76; 192),808
470.0,0.0,18.0,False,False,(58; 76; 192),808
471.0,0.0,18.0,False,False,(58; 76; 192),808
472.0,0.0,18.0,False,False,(58; 76; 192),808
473.0,0.0,18.0,False,False,(58; 76; 192),808
474.0,0.0,18.0,False,False,(58; 76; 192),808
475.0,0.0,18.0,False,False,(58; 76; 192),808
476.0,0.0,18.0,False,False,(58; 76; 192),808
477.0,0.0,18.0,False,False,(58; 76; 192),808
478.0,0.0,18.0,False,False,(58; 76; 192),808
479.0,0.0,18.0,False,False,(58; 76; 192),808
480.0,0.0,18.0,False,False,(58; 76; 192),808
481.0,0.0,18.0,False,False,(58; 76; 192),808
482.0,0.0,18.0,False,False,(58; 76; 192),808
483.0,0.0,18.0,False,False,(58; 76; 192),808
484.0,0.0,18.0,False,False,(58; 76; 192),808
485.0,0.0,18.0,False,False,(58; 76; 192),808
486.0,0.0,18.0,False,False,(58; 76; 192),808
487.0,0.0,18.0,False,False,(58; 76; 192),808
488.0,0.0,18.0,False,False,(58; 76; 192),808
489.0,0.0,18.0,False,False,(58; 76; 192),808
490.0,0.0,18.0,False,False,(58; 76; 192),808
491.0,0.0,18.0,False,False,(58; 76; 192),808
492.0,0.0,18.0,False,False,(58; 76; 192),808
493.0,0.0,18.0,False,False,(58; 76; 192),808
494.0,0.0,18.0,False,False,(58; 76; 192),808
495.0,0.0,18.0,False,False,(58; 76; 192),808
496.0,0.0,18.0,False,False,(58; 76; 192),808
497.0,0.0,18.0,False,False,(58; 76; 192),808
498.0,0.0,18.0,False,False,(58; 76; 192),808
499.0,0.0,18.0,False,False,(58; 76; 192),808
500.0,0.0,18.0,False,False,(58; 76; 192),808
501.0,0.0,18.0,False,False,(58; 76; 192),808
502.0,0.0,18.0,False,False,(58; 76; 192),808
503.0,0.0,18.0,False,False,(58; 76; 192),808
504.0,0.0,18.0,False,False,(58; 76; 192),808
505.0,0.0,18.0,False,False,(58; 76; 192),808
506.0,0.0,18.0,False,False,(58; 76; 192),808
507.0,0.0,18.0,False,False,(58; 76; 192),808
508.0,0.0,18.0,False,False,(58; 76; 192),808
509.0,0.0,18.0,False,False,(58; 76; 192),808
510.0,0.0,18.0,False,False,(58; 76; 192),808
511.0,0.0,18.0,False,False,(58; 76; 192),808
512.0,0.0,18.0,False,False,(58; 76; 192),808
513.0,0.0,18.0,False,False,(58; 76; 192),808
514.0,0.0,18.0,False,False,(58; 76; 192),808
515.0,0.0,18.0,False,False,(58; 76; 192),808
516.0,0.0,18.0,False,False,(58; 76; 192),808
517.0,0.0,18.0,False,False,(58; 76; 192),808
518.0,0.0,18.0,False,False,(58; 76; 192),808
519.0,0.0,18.0,False,False,(58; 76; 192),808
520.0,0.0,18.0,False,False,(58; 76; 192),808
521.0,0.0,18.0,False,False,(58; 76; 192),808
522.0,0.0,18.0,False,False,(58; 76; 192),808
523.0,0.0,18.0,False,False,(58; 76; 192),808
524.0,0.0,18.0,False,False,(58; 76; 192),808
525.0,0.0,18.0,False,False,(58; 76; 192),808
526.0,0.0,18.0,False,False,(58; 76; 192),808
527.0,0.0,18.0,False,False,(58; 76; 192),808
528.0,0.0,18.0,False,False,(58; 76; 192),808
529.0,0.0,18.0,False,False,(58; 76; 192),808
530.0,0.0,18.0,False,False,(58; 76; 192),808
531.0,0.0,18.0,False,False,(58; 76; 192),808
532.0,0.0,18.0,False,False,(58; 76; 192),808
533.0,0.0,18.0,False,False,(58; 76; 192),808
534.0,0.0,18.0,False,False,(58; 76; 192),808
535.0,0.0,18.0,False,False,(58; 76; 192),808
536.0,0.0,18.0,False,False,(58; 76; 192),808
537.0,0.0,18.0,False,False,(58; 76; 192),808
538.0,0.0,18.0,False,False,(58; 76; 192),808
539.0,0.0,18.0,False,False,(58; 76; 192),808
540.0,0.0,18.0,False,False,(58; 76; 192),808
541.0,0.0,18.0,False,False,(58; 76; 192),808
542.0,0.0,18.0,False,False,(58; 76; 192),808
543.0,0.0,18.0,False,False,(58; 76; 192),808
544.0,0.0,18.0,False,False,(58; 76; 192),808
545.0,0.0,18.0,False,False,(58; 76; 192),808
546.0,0.0,18.0,False,False,(58; 76; 192),808
547.0,0.0,18.0,False,False,(58; 76; 192),808
548.0,0.0,18.0,False,False,(58; 76; 192),808
549.0,0.0,18.0,False,False,(58; 76; 192),808
550.0,0.0,18.0,False,False,(58; 76; 192),808
551.0,0.0,18.0,False,False,(58; 76; 192),808
552.0,0.0,18.0,False,False,(58; 76; 192),808
553.0,0.0,18.0,False,False,(58; 76; 192),808
554.0,0.0,18.0,False,False,(58; 76; 192),808
555.0,0.0,18.0,False,False,(58; 76; 192),808
556.0,0.0,18.0,False,False,(58; 76; 192),808
557.0,0.0,18.0,False,False,(58; 76; 192),808
558.0,0.0,18.0,False,False,(58; 76; 192),808
559.0,0.0,18.0,False,False,(58; 76; 192),808
560.0,0.0,18.0,False,False,(58; 76; 192),808
561.0,0.0,18.0,False,False,(58; 76; 192),808
562.0,0.0,18.0,False,False,(58; 76; 192),808
563.0,0.0,18.0,False,False,(58; 76; 192),808
564.0,0.0,18.0,False,False,(58; 76; 192),808
565.0,0.0,18.0,False,False,(58; 76; 192),808
566.0,0.0,18.0,False,False,(58; 76; 192),808
567.0,0.0,18.0,False,False,(58; 76; 192),808
568.0,0.0,18.0,False,False,(58; 76; 192),808
569.0,0.0,18.0,False,False,(58; 76; 192),808
570.0,0.0,18.0,False,False,(58; 76; 192),808
571.0,0.0,18.0,False,False,(58; 76; 192),808
572.0,0.0,18.0,False,False,(58; 76; 192),808
573.0,0.0,18.0,False,False,(58; 76; 192),808
574.0,0.0,18.0,False,False,(58; 76; 192),808
575.0,0.0,18.0,False,False,(58; 76; 192),808
576.0,0.0,18.0,False,False,(58; 76; 192),808
577.0,0.0,18.0,False,False,(58; 76; 192),808
578.0,0.0,18.0,False,False,(58; 76; 192),808
579.0,0.0,18.0,False,False,(58; 76; 192),808
580.0,0.0,18.0,False,False,(58; 76; 192),808
581.0,0.0,18.0,False,False,(58; 76; 192),808
582.0,0.0,18.0,False,False,(58; 76; 192),808
583.0,0.0,18.0,False,False,(58; 76; 192),808
584.0,0.0,18.0,False,False,(58; 76; 192),808
585.0,0.0,18.0,False,False,(58; 76; 192),808
586.0,0.0,18.0,False,False,(58; 76; 192),808
587.0,0.0,18.0,False,False,(58; 76; 192),808
588.0,0.0,18.0,False,False,(58; 76; 192),808
589.0,0.0,18.0,False,False,(58; 76; 192),808
590.0,0.0,18.0,False,False,(58; 76; 192),808
591.0,0.0,18.0,False,False,(58; 76; 192),808
592.0,0.0,18.0,False,False,(58; 76; 192),808
593.0,0.0,18.0,False,False,(58; 76; 192),808
594.0,0.0,18.0,False,False,(58; 76; 192),808
595.0,0.0,18.0,False,False,(58; 76; 192),808
596.0,0.0,18.0,False,False,(58; 76; 192),808
597.0,0.0,18.0,False,False,(58; 76; 192),808
598.0,0.0,18.0,False,False,(58; 76; 192),808
599.0,0.0,18.0,False,False,(58; 76; 192),808
600.0,0.0,18.0,False,False,(58; 76; 192),808
601.0,0.0,18.0,False,False,(58; 76; 192),808
602.0,0.0,18.0,False,False,(58; 76; 192),808
603.0,0.0,18.0,False,False,(58; 76; 192),808
604.0,0.0,18.0,False,False,(58; 76; 192),808
605.0,0.0,18.0,False,False,(58; 76; 192),808
606.0,0.0,18.0,False,False,(58; 76; 192),808
607.0,0.0,18.0,False,False,(58; 76; 192),808
608.0,0.0,18.0,False,False,(58; 76; 192),808
609.0,0.0,18.0,False,False,(58; 76; 192),808
610.0,0.0,18.0,False,False,(58; 76; 192),808
611.0,0.0,18.0,False,False,(58; 76; 192),808
612.0,0.0,18.0,False,False,(58; 76; 192),808
613.0,0.0,18.0,False,False,(58; 76; 192),808
614.0,0.0,18.0,False,False,(58; 76; 192),808
615.0,0.0,18.0,False,False,(58; 76; 192),808
616.0,0.0,18.0,False,False,(58; 76; 192),808
617.0,0.0,18.0,False,False,(58; 76; 192),808
618.0,0.0,18.0,False,False,(58; 76; 192),808
619.0,0.0,18.0,False,False,(58; 76; 192),808
620.0,0.0,18.0,False,False,(58; 76; 192),808
621.0,0.0,18.0,False,False,(58; 76; 192),808
622.0,0.0,18.0,False,False,(58; 76; 192),808
623.0,0.0,18.0,False,False,(58; 76; 192),808
624.0,0.0,18.0,False,False,(58; 76; 192),808
625.0,0.0,18.0,False,False,(58; 76; 192),808
626.0,0.0,18.0,False,False,(58; 76; 192),808
627.0,0.0,18.0,False,False,(58; 76; 192),808
628.0,0.0,18.0,False,False,(58; 76; 192),808
629.0,0.0,18.0,False,False,(58; 76; 192),808
630.0,0.0,18.0,False,False,(58; 76; 192),808
631.0,0.0,18.0,False,False,(58; 76; 192),808
632.0,0.0,18.0,False,False,(58; 76; 192),808
633.0,0.0,18.0,False,False,(58; 76; 192),808
634.0,0.0,18.0,False,False,(58; 76; 192),808
635.0,0.0,18.0,False,False,(58; 76; 192),808
636.0,0.0,18.0,False,False,(58; 76; 192),808
637.0,0.0,18.0,False,False,(58; 76; 192),808
638.0,0.0,18.0,False,False,(58; 76; 192),808
639.0,0.0,18.0,False,False,(58; 76; 192),808
640.0,0.0,18.0,False,False,(58; 76; 192),808
641.0,0.0,18.0,False,False,(58; 76; 192),808
642.0,0.0,18.0,False,False,(58; 76; 192),808
643.0,0.0,18.0,False,False,(58; 76; 192),808
644.0,0.0,18.0,False,False,(58; 76; 192),808
645.0,0.0,18.0,False,False,(58; 76; 192),808
646.0,0.0,18.0,False,False,(58; 76; 192),808
647.0,0.0,18.0,False,False,(58; 76; 192),808
648.0,0.0,18.0,False,False,(58; 76; 192),808
649.0,0.0,18.0,False,False,(58; 76; 192),808
650.0,0.0,18.0,False,False,(58; 76; 192),808
651.0,0.0,18.0,False,False,(58; 76; 192),808
652.0,0.0,18.0,False,False,(58; 76; 192),808
653.0,0.0,18.0,False,False,(58; 76; 192),808
654.0,0.0,18.0,False,False,(58; 76; 192),808
655.0,0.0,18.0,False,False,(58; 76; 192),808
656.0,0.0,18.0,False,False,(58; 76; 192),808
657.0,0.0,18.0,False,False,(58; 76; 192),808
658.0,0.0,18.0,False,False,(58; 76; 192),808
659.0,0.0,18.0,False,False,(58; 76; 192),808
660.0,0.0,18.0,False,False,(58; 76; 192),808
661.0,0.0,18.0,False,False,(58; 76; 192),808
662.0,0.0,18.0,False,False,(58; 76; 192),808
663.0,0.0,18.0,False,False,(58; 76; 192),808
664.0,0.0,18.0,False,False,(58; 76; 192),808
665.0,0.0,18.0,False,False,(58; 76; 192),808
666.0,0.0,18.0,False,False,(58; 76; 192),808
667.0,0.0,18.0,False,False,(58; 76; 192),808
668.0,0.0,18.0,False,False,(58; 76; 192),808
669.0,0.0,18.0,False,False,(58; 76; 192),808
670.0,0.0,18.0,False,False,(58; 76; 192),808
671.0,0.0,18.0,False,False,(58; 76; 192),808
672.0,0.0,18.0,False,False,(58; 76; 192),808
673.0,0.0,18.0,False,False,(58; 76; 192),808
674.0,0.0,18.0,False,False,(58; 76; 192),808
675.0,0.0,18.0,False,False,(58; 76; 192),808
676.0,0.0,18.0,False,False,(58; 76; 192),808
677.0,0.0,18.0,False,False,(58; 76; 192),808
678.0,0.0,18.0,False,False,(58; 76; 192),808
679.0,0.0,18.0,False,False,(58; 76; 192),808
680.0,0.0,18.0,False,False,(58; 76; 192),808
681.0,0.0,18.0,False,False,(58; 76; 192),808
682.0,0.0,18.0,False,False,(58; 76; 192),808
683.0,0.0,18.0,False,False,(58; 76; 192),808
684.0,0.0,18.0,False,False,(58; 76; 192),808
685.0,0.0,18.0,False,False,(58; 76; 192),808
686.0,0.0,18.0,False,False,(58; 76; 192),808
687.0,0.0,18.0,False,False,(58; 76; 192),808
688.0,0.0,18.0,False,False,(58; 76; 192),808
689.0,0.0,18.0,False,False,(58; 76; 192),808
690.0,0.0,18.0,False,False,(58; 76; 192),808
691.0,0.0,18.0,False,False,(58; 76; 192),808
692.0,0.0,18.0,False,False,(58; 76; 192),808
693.0,0.0,18.0,False,False,(58; 76; 192),808
694.0,0.0,18.0,False,False,(58; 76; 192),808
695.0,0.0,18.0,False,False,(58; 76; 192),808
696.0,0.0,18.0,False,False,(58; 76; 192),808
697.0,0.0,18.0,False,False,(58; 76; 192),808
698.0,0.0,18.0,False,False,(58; 76; 192),808
699.0,0.0,18.0,False,False,(58; 76; 192),808
700.0,0.0,18.0,False,False,(58; 76; 192),808
701.0,0.0,18.0,False,False,(58; 76; 192),808
702.0,0.0,18.0,False,False,(58; 76; 192),808
703.0,0.0,18.0,False,False,(58; 76; 192),808
704.0,0.0,18.0,False,False,(58; 76; 192),808
705.0,0.0,18.0,False,False,(58; 76; 192),808
706.0,0.0,18.0,False,False,(58; 76; 192),808
707.0,0.0,18.0,False,False,(58; 76; 192),808
708.0,0.0,18.0,False,False,(58; 76; 192),808
709.0,0.0,18.0,False,False,(58; 76; 192),808
710.0,0.0,18.0,False,False,(58; 76; 192),808
711.0,0.0,18.0,False,False,(58; 76; 192),808
712.0,0.0,18.0,False,False,(58; 76; 192),808
713.0,0.0,18.0,False,False,(58; 76; 192),808
714.0,0.0,18.0,False,False,(58; 76; 192),808
715.0,0.0,18.0,False,False,(58; 76; 192),808
716.0,0.0,18.0,False,False,(58; 76; 192),808
717.0,0.0,18.0,False,False,(58; 76; 192),808
718.0,0.0,18.0,False,False,(58; 76; 192),808
719.0,0.0,18.0,False,False,(58; 76; 192),808
720.0,0.0,18.0,False,False,(58; 76; 192),808
721.0,0.0,18.0,False,False,(58; 76; 192),808
722.0,0.0,18.0,False,False,(58; 76; 192),808
723.0,0.0,18.0,False,False,(58; 76; 192),808
724.0,0.0,18.0,False,False,(58; 76; 192),808
725.0,0.0,18.0,False,False,(58; 76; 192),808
726.0,0.0,18.0,False,False,(58; 76; 192),808
727.0,0.0,18.0,False,False,(58; 76; 192),808
728.0,0.0,18.0,False,False,(58; 76; 192),808
729.0,0.0,18.0,False,False,(58; 76; 192),808
730.0,0.0,18.0,False,False,(58; 76; 192),808
731.0,0.0,18.0,False,False,(58; 76; 192),808
732.0,0.0,18.0,False,False,(58; 76; 192),808
733.0,0.0,18.0,False,False,(58; 76; 192),808
734.0,0.0,18.0,False,False,(58; 76; 192),808
735.0,0.0,18.0,False,False,(58; 76; 192),808
736.0,0.0,18.0,False,False,(58; 76; 192),808
737.0,0.0,18.0,False,False,(58; 76; 192),808
738.0,0.0,18.0,False,False,(58; 76; 192),808
739.0,0.0,18.0,False,False,(58; 76; 192),808
740.0,0.0,18.0,False,False,(58; 76; 192),808
741.0,0.0,18.0,False,False,(58; 76; 192),808
742.0,0.0,18.0,False,False,(58; 76; 192),808
743.0,0.0,18.0,False,False,(58; 76; 192),808
744.0,0.0,18.0,False,False,(58; 76; 192),808
745.0,0.0,18.0,False,False,(58; 76; 192),808
746.0,0.0,18.0,False,False,(58; 76; 192),808
747.0,0.0,18.0,False,False,(58; 76; 192),808
748.0,0.0,18.0,False,False,(58; 76; 192),808
749.0,0.0,18.0,False,False,(58; 76; 192),808
750.0,0.0,18.0,False,False,(58; 76; 192),808
751.0,0.0,18.0,False,False,(58; 76; 192),808
752.0,0.0,18.0,False,False,(58; 76; 192),808
753.0,0.0,18.0,False,False,(58; 76; 192),808
754.0,0.0,18.0,False,False,(58; 76; 192),808
755.0,0.0,18.0,False,False,(58; 76; 192),808
756.0,0.0,18.0,False,False,(58; 76; 192),808
757.0,0.0,18.0,False,False,(58; 76; 192),808
758.0,0.0,18.0,False,False,(58; 76; 192),808
759.0,0.0,18.0,False,False,(58; 76; 192),808
760.0,0.0,18.0,False,False,(58; 76; 192),808
761.0,0.0,18.0,False,False,(58; 76; 192),808
762.0,0.0,18.0,False,False,(58; 76; 192),808
763.0,0.0,18.0,False,False,(58; 76; 192),808
764.0,0.0,18.0,False,False,(58; 76; 192),808
765.0,0.0,18.0,False,False,(58; 76; 192),808
766.0,0.0,18.0,False,False,(58; 76; 192),808
767.0,0.0,18.0,False,False,(58; 76; 192),808
768.0,0.0,18.0,False,False,(58; 76; 192),808
769.0,0.0,18.0,False,False,(58; 76; 192),808
770.0,0.0,18.0,False,False,(58; 76; 192),808
771.0,0.0,18.0,False,False,(58; 76; 192),808
772.0,0.0,18.0,False,False,(58; 76; 192),808
773.0,0.0,18.0,False,False,(58; 76; 192),808
774.0,0.0,18.0,False,False,(58; 76; 192),808
775.0,0.0,18.0,False,False,(58; 76; 192),808
776.0,0.0,18.0,False,False,(58; 76; 192),808
777.0,0.0,18.0,False,False,(58; 76; 192),808
778.0,0.0,18.0,False,False,(58; 76; 192),808
779.0,0.0,18.0,False,False,(58; 76; 192),808
780.0,0.0,18.0,False,False,(58; 76; 192),808
781.0,0.0,18.0,False,False,(58; 76; 192),808
782.0,0.0,18.0,False,False,(58; 76; 192),808
783.0,0.0,18.0,False,False,(58; 76; 192),808
784.0,0.0,18.0,False,False,(58; 76; 192),808
785.0,0.0,18.0,False,False,(58; 76; 192),808
786.0,0.0,18.0,False,False,(58; 76; 192),808
787.0,0.0,18.0,False,False,(58; 76; 192),808
788.0,0.0,18.0,False,False,(58; 76; 192),808
789.0,0.0,18.0,False,False,(58; 76; 192),808
790.0,0.0,18.0,False,False,(58; 76; 192),808
791.0,0.0,18.0,False,False,(58; 76; 192),808
792.0,0.0,18.0,False,False,(58; 76; 192),808
793.0,0.0,18.0,False,False,(58; 76; 192),808
794.0,0.0,18.0,False,False,(58; 76; 192),808
795.0,0.0,18.0,False,False,(58; 76; 192),808
796.0,0.0,18.0,False,False,(58; 76; 192),808
797.0,0.0,18.0,False,False,(58; 76; 192),808
798.0,0.0,18.0,False,False,(58; 76; 192),808
799.0,0.0,18.0,False,False,(58; 76; 192),808
800.0,0.0,18.0,False,False,(58; 76; 192),808
801.0,0.0,18.0,False,False,(58; 76; 192),808
802.0,0.0,18.022,False,True,(59; 77; 193),808
803.0,0.0,18.685,False,True,(112; 147; 243),808
804.0,0.0,19.348,False,True,(171; 199; 252),808
805.0,0.0,20.011,False,True,(221; 220; 219),808
806.0,0.0,20.674,False,True,(246; 182; 154),808
807.0,0.0,21.337,False,True,(230; 116; 90),1276
808.0,1.0,22.0,True,True,(179; 3; 38),1276
809.0,1.0,22.0,True,True,(179; 3; 38),1276
810.0,1.0,22.0,True,True,(179; 3; 38),1276
811.0,1.0,22.0,True,True,(179; 3; 38),1276
812.0,1.0,22.0,True,True,(179; 3; 38),1276
813.0,1.0,22.0,True,True,(179; 3; 38),1276
814.0,1.0,22.0,True,True,(179; 3; 38),1276
815.0,1.0,22.0,True,True,(179; 3; 38),1276
816.0,1.0,22.0,True,True,(179; 3; 38),1276
817.0,1.0,22.0,True,True,(179; 3; 38),1276
818.0,1.0,22.0,True,True,(179; 3; 38),1276
819.0,1.0,22.0,True,True,(179; 3; 38),1276
820.0,1.0,22.0,True,True,(179; 3; 38),1276
821.0,1.0,22.0,True,True,(179; 3; 38),1276
822.0,1.0,22.0,True,True,(179; 3; 38),1276
823.0,1.0,22.0,True,True,(179; 3; 38),1276
824.0,1.0,22.0,True,True,(179; 3; 38),1276
825.0,1.0,22.0,True,True,(179; 3; 38),1276
826.0,1.0,22.0,True,True,(179; 3; 38),1276
827.0,1.0,22.0,True,True,(179; 3; 38),1276
828.0,1.0,22.0,True,True,(179; 3; 38),1276
829.0,1.0,22.0,True,True,(179; 3; 38),1276
830.0,1.0,22.0,True,True,(179; 3; 38),1276
831.0,1.0,22.0,True,True,(179; 3; 38),1276
832.0,1.0,22.0,True,True,(179; 3; 38),1276
833.0,1.0,22.0,True,True,(179; 3; 38),1276
834.0,1.0,22.0,True,True,(179; 3; 38),1276
835.0,1.0,22.0,True,True,(179; 3; 38),1276
836.0,1.0,22.0,True,True,(179; 3; 38),1276
837.0,1.0,22.0,True,True,(179; 3; 38),1276
838.0,1.0,22.0,True,True,(179; 3; 38),1276
839.0,1.0,22.0,True,True,(179; 3; 38),1276
840.0,1.0,22.0,True,True,(179; 3; 38),1276
841.0,1.0,22.0,True,True,(179; 3; 38),1276
842.0,1.0,22.0,True,True,(179; 3; 38),1276
843.0,1.0,22.0,True,True,(179; 3; 38),1276
844.0,1.0,22.0,True,True,(179; 3; 38),1276
845.0,1.0,22.0,True,True,(179; 3; 38),1276
846.0,1.0,22.0,True,True,(179; 3; 38),1276
847.0,0.0,21.0,False,False,(243; 152; 121),1276
848.0,0.0,20.0,False,False,(221; 220; 219),1276
849.0,0.0,19.0,False,False,(141; 175; 253),1276
850.0,0.0,18.0,False,False,(58; 76; 192),1276
851.0,0.0,18.0,False,False,(58; 76; 192),1276
852.0,0.0,18.0,False,False,(58; 76; 192),1276
853.0,0.0,18.0,False,False,(58; 76; 192),1276
854.0,0.0,18.0,False,False,(58; 76; 192),1276
855.0,0.0,18.0,False,False,(58; 76; 192),1276
856.0,0.0,18.0,False,False,(58; 76; 192),1276
857.0,0.0,18.0,False,False,(58; 76; 192),1276
858.0,0.0,18.0,False,False,(58; 76; 192),1276
859.0,0.0,18.0,False,False,(58; 76; 192),1276
860.0,0.0,18.0,False,False,(58; 76; 192),1276
861.0,0.0,18.0,False,False,(58; 76; 192),1276
862.0,0.0,18.0,False,False,(58; 76; 192),1276
863.0,0.0,18.0,False,False,(58; 76; 192),1276
864.0,0.0,18.0,False,False,(58; 76; 192),1276
865.0,0.0,18.0,False,False,(58; 76; 192),1276
866.0,0.0,18.0,False,False,(58; 76; 192),1276
867.0,0.0,18.0,False,False,(58; 76; 192),1276
868.0,0.0,18.0,False,False,(58; 76; 192),1276
869.0,0.0,18.0,False,False,(58; 76; 192),1276
870.0,0.0,18.0,False,False,(58; 76; 192),1276
871.0,0.0,18.0,False,False,(58; 76; 192),1276
872.0,0.0,18.0,False,False,(58; 76; 192),1276
873.0,0.0,18.0,False,False,(58; 76; 192),1276
874.0,0.0,18.0,False,False,(58; 76; 192),1276
875.0,0.0,18.0,False,False,(58; 76; 192),1276
876.0,0.0,18.0,False,False,(58; 76; 192),1276
877.0,0.0,18.0,False,False,(58; 76; 192),1276
878.0,0.0,18.0,False,False,(58; 76; 192),1276
879.0,0.0,18.0,False,False,(58; 76; 192),1276
880.0,0.0,18.0,False,False,(58; 76; 192),1276
881.0,0.0,18.0,False,False,(58; 76; 192),1276
882.0,0.0,18.0,False,False,(58; 76; 192),1276
883.0,0.0,18.0,False,False,(58; 76; 192),1276
884.0,0.0,18.0,False,False,(58; 76; 192),1276
885.0,0.0,18.0,False,False,(58; 76; 192),1276
886.0,0.0,18.0,False,False,(58; 76; 192),1276
887.0,0.0,18.0,False,False,(58; 76; 192),1276
888.0,0.0,18.0,False,False,(58; 76; 192),1276
889.0,0.0,18.0,False,False,(58; 76; 192),1276
890.0,0.0,18.0,False,False,(58; 76; 192),1276
891.0,0.0,18.0,False,False,(58; 76; 192),1276
892.0,0.0,18.0,False,False,(58; 76; 192),1276
893.0,0.0,18.0,False,False,(58; 76; 192),1276
894.0,0.0,18.0,False,False,(58; 76; 192),1276
895.0,0.0,18.0,False,False,(58; 76; 192),1276
896.0,0.0,18.0,False,False,(58; 76; 192),1276
897.0,0.0,18.0,False,False,(58; 76; 192),1276
898.0,0.0,18.0,False,False,(58; 76; 192),1276
899.0,0.0,18.0,False,False,(58; 76; 192),1276
900.0,0.0,18.0,False,False,(58; 76; 192),1276
901.0,0.0,18.0,False,False,(58; 76; 192),1276
902.0,0.0,18.0,False,False,(58; 76; 192),1276
903.0,0.0,18.0,False,False,(58; 76; 192),1276
904.0,0.0,18.0,False,False,(58; 76; 192),1276
905.0,0.0,18.0,False,False,(58; 76; 192),1276
906.0,0.0,18.0,False,False,(58; 76; 192),1276
907.0,0.0,18.0,False,False,(58; 76; 192),1276
908.0,0.0,18.0,False,False,(58; 76; 192),1276
909.0,0.0,18.0,False,False,(58; 76; 192),1276
910.0,0.0,18.0,False,False,(58; 76; 192),1276
911.0,0.0,18.0,False,False,(58; 76; 192),1276
912.0,0.0,18.0,False,False,(58; 76; 192),1276
913.0,0.0,18.0,False,False,(58; 76; 192),1276
914.0,0.0,18.0,False,False,(58; 76; 192),1276
915.0,0.0,18.0,False,False,(58; 76; 192),1276
916.0,0.0,18.0,False,False,(58; 76; 192),1276
917.0,0.0,18.0,False,False,(58; 76; 192),1276
918.0,0.0,18.0,False,False,(58; 76; 192),1276
919.0,0.0,18.0,False,False,(58; 76; 192),1276
920.0,0.0,18.0,False,False,(58; 76; 192),1276
921.0,0.0,18.0,False,False,(58; 76; 192),1276
922.0,0.0,18.0,False,False,(58; 76; 192),1276
923.0,0.0,18.0,False,False,(58; 76; 192),1276
924.0,0.0,18.0,False,False,(58; 76; 192),1276
925.0,0.0,18.0,False,False,(58; 76; 192),1276
926.0,0.0,18.0,False,False,(58; 76; 192),1276
927.0,0.0,18.0,False,False,(58; 76; 192),1276
928.0,0.0,18.0,False,False,(58; 76; 192),1276
929.0,0.0,18.0,False,False,(58; 76; 192),1276
930.0,0.0,18.0,False,False,(58; 76; 192),1276
931.0,0.0,18.0,False,False,(58; 76; 192),1276
932.0,0.0,18.0,False,False,(58; 76; 192),1276
933.0,0.0,18.0,False,False,(58; 76; 192),1276
934.0,0.0,18.0,False,False,(58; 76; 192),1276
935.0,0.0,18.0,False,False,(58; 76; 192),1276
936.0,0.0,18.0,False,False,(58; 76; 192),1276
937.0,0.0,18.0,False,False,(58; 76; 192),1276
938.0,0.0,18.0,False,False,(58; 76; 192),1276
939.0,0.0,18.0,False,False,(58; 76; 192),1276
940.0,0.0,18.0,False,False,(58; 76; 192),1276
941.0,0.0,18.0,False,False,(58; 76; 192),1276
942.0,0.0,18.0,False,False,(58; 76; 192),1276
943.0,0.0,18.0,False,False,(58; 76; 192),1276
944.0,0.0,18.0,False,False,(58; 76; 192),1276
945.0,0.0,18.0,False,False,(58; 76; 192),1276
946.0,0.0,18.0,False,False,(58; 76; 192),1276
947.0,0.0,18.0,False,False,(58; 76; 192),1276
948.0,0.0,18.0,False,False,(58; 76; 192),1276
949.0,0.0,18.0,False,False,(58; 76; 192),1276
950.0,0.0,18.0,False,False,(58; 76; 192),1276
951.0,0.0,18.0,False,False,(58; 76; 192),1276
952.0,0.0,18.0,False,False,(58; 76; 192),1276
953.0,0.0,18.0,False,False,(58; 76; 192),1276
954.0,0.0,18.0,False,False,(58; 76; 192),1276
955.0,0.0,18.0,False,False,(58; 76; 192),1276
956.0,0.0,18.0,False,False,(58; 76; 192),1276
957.0,0.0,18.0,False,False,(58; 76; 192),1276
958.0,0.0,18.0,False,False,(58; 76; 192),1276
959.0,0.0,18.0,False,False,(58; 76; 192),1276
960.0,0.0,18.0,False,False,(58; 76; 192),1276
961.0,0.0,18.0,False,False,(58; 76; 192),1276
962.0,0.0,18.0,False,False,(58; 76; 192),1276
963.0,0.0,18.0,False,False,(58; 76; 192),1276
964.0,0.0,18.0,False,False,(58; 76; 192),1276
965.0,0.0,18.0,False,False,(58; 76; 192),1276
966.0,0.0,18.0,False,False,(58; 76; 192),1276
967.0,0.0,18.0,False,False,(58; 76; 192),1276
968.0,0.0,18.0,False,False,(58; 76; 192),1276
969.0,0.0,18.0,False,False,(58; 76; 192),1276
970.0,0.0,18.0,False,False,(58; 76; 192),1276
971.0,0.0,18.0,False,False,(58; 76; 192),1276
972.0,0.0,18.0,False,False,(58; 76; 192),1276
973.0,0.0,18.0,False,False,(58; 76; 192),1276
974.0,0.0,18.0,False,False,(58; 76; 192),1276
975.0,0.0,18.0,False,False,(58; 76; 192),1276
976.0,0.0,18.0,False,False,(58; 76; 192),1276
977.0,0.0,18.0,False,False,(58; 76; 192),1276
978.0,0.0,18.0,False,False,(58; 76; 192),1276
979.0,0.0,18.0,False,False,(58; 76; 192),1276
980.0,0.0,18.0,False,False,(58; 76; 192),1276
981.0,0.0,18.0,False,False,(58; 76; 192),1276
982.0,0.0,18.0,False,False,(58; 76; 192),1276
983.0,0.0,18.0,False,False,(58; 76; 192),1276
984.0,0.0,18.0,False,False,(58; 76; 192),1276
985.0,0.0,18.0,False,False,(58; 76; 192),1276
986.0,0.0,18.0,False,False,(58; 76; 192),1276
987.0,0.0,18.0,False,False,(58; 76; 192),1276
988.0,0.0,18.0,False,False,(58; 76; 192),1276
989.0,0.0,18.0,False,False,(58; 76; 192),1276
990.0,0.0,18.0,False,False,(58; 76; 192),1276
991.0,0.0,18.0,False,False,(58; 76; 192),1276
992.0,0.0,18.0,False,False,(58; 76; 192),1276
993.0,0.0,18.0,False,False,(58; 76; 192),1276
994.0,0.0,18.0,False,False,(58; 76; 192),1276
995.0,0.0,18.0,False,False,(58; 76; 192),1276
996.0,0.0,18.0,False,False,(58; 76; 192),1276
997.0,0.0,18.0,False,False,(58; 76; 192),1276
998.0,0.0,18.0,False,False,(58; 76; 192),1276
999.0,0.0,18.0,False,False,(58; 76; 192),1276
1000.0,0.0,18.0,False,False,(58; 76; 192),1276
1001.0,0.0,18.0,False,False,(58; 76; 192),1276
1002.0,0.0,18.0,False,False,(58; 76; 192),1276
1003.0,0.0,18.0,False,False,(58; 76; 192),1276
1004.0,0.0,18.0,False,False,(58; 76; 192),1276
1005.0,0.0,18.0,False,False,(58; 76; 192),1276
1006.0,0.0,18.0,False,False,(58; 76; 192),1276
1007.0,0.0,18.0,False,False,(58; 76; 192),1276
1008.0,0.0,18.0,False,False,(58; 76; 192),1276
1009.0,0.0,18.0,False,False,(58; 76; 192),1276
1010.0,0.0,18.0,False,False,(58; 76; 192),1276
1011.0,0.0,18.0,False,False,(58; 76; 192),1276
1012.0,0.0,18.0,False,False,(58; 76; 192),1276
1013.0,0.0,18.0,False,False,(58; 76; 192),1276
1014.0,0.0,18.0,False,False,(58; 76; 192),1276
1015.0,0.0,18.0,False,False,(58; 76; 192),1276
1016.0,0.0,18.0,False,False,(58; 76; 192),1276
1017.0,0.0,18.0,False,False,(58; 76; 192),1276
1018.0,0.0,18.0,False,False,(58; 76; 192),1276
1019.0,0.0,18.0,False,False,(58; 76; 192),1276
1020.0,0.0,18.0,False,False,(58; 76; 192),1276
1021.0,0.0,18.0,False,False,(58; 76; 192),1276
1022.0,0.0,18.0,False,False,(58; 76; 192),1276
1023.0,0.0,18.0,False,False,(58; 76; 192),1276
1024.0,0.0,18.0,False,False,(58; 76; 192),1276
1025.0,0.0,18.0,False,False,(58; 76; 192),1276
1026.0,0.0,18.0,False,False,(58; 76; 192),1276
1027.0,0.0,18.0,False,False,(58; 76; 192),1276
1028.0,0.0,18.0,False,False,(58; 76; 192),1276
1029.0,0.0,18.0,False,False,(58; 76; 192),1276
1030.0,0.0,18.0,False,False,(58; 76; 192),1276
1031.0,0.0,18.0,False,False,(58; 76; 192),1276
1032.0,0.0,18.0,False,False,(58; 76; 192),1276
1033.0,0.0,18.0,False,False,(58; 76; 192),1276
1034.0,0.0,18.0,False,False,(58; 76; 192),1276
1035.0,0.0,18.0,False,False,(58; 76; 192),1276
1036.0,0.0,18.0,False,False,(58; 76; 192),1276
1037.0,0.0,18.0,False,False,(58; 76; 192),1276
1038.0,0.0,18.0,False,False,(58; 76; 192),1276
1039.0,0.0,18.0,False,False,(58; 76; 192),1276
1040.0,0.0,18.0,False,False,(58; 76; 192),1276
1041.0,0.0,18.0,False,False,(58; 76; 192),1276
1042.0,0.0,18.0,False,False,(58; 76; 192),1276
1043.0,0.0,18.0,False,False,(58; 76; 192),1276
1044.0,0.0,18.0,False,False,(58; 76; 192),1276
1045.0,0.0,18.0,False,False,(58; 76; 192),1276
1046.0,0.0,18.0,False,False,(58; 76; 192),1276
1047.0,0.0,18.0,False,False,(58; 76; 192),1276
1048.0,0.0,18.0,False,False,(58; 76; 192),1276
1049.0,0.0,18.0,False,False,(58; 76; 192),1276
1050.0,0.0,18.0,False,False,(58; 76; 192),1276
1051.0,0.0,18.0,False,False,(58; 76; 192),1276
1052.0,0.0,18.0,False,False,(58; 76; 192),1276
1053.0,0.0,18.0,False,False,(58; 76; 192),1276
1054.0,0.0,18.0,False,False,(58; 76; 192),1276
1055.0,0.0,18.0,False,False,(58; 76; 192),1276
1056.0,0.0,18.0,False,False,(58; 76; 192),1276
1057.0,0.0,18.0,False,False,(58; 76; 192),1276
1058.0,0.0,18.0,False,False,(58; 76; 192),1276
1059.0,0.0,18.0,False,False,(58; 76; 192),1276
1060.0,0.0,18.0,False,False,(58; 76; 192),1276
1061.0,0.0,18.0,False,False,(58; 76; 192),1276
1062.0,0.0,18.0,False,False,(58; 76; 192),1276
1063.0,0.0,18.0,False,False,(58; 76; 192),1276
1064.0,0.0,18.0,False,False,(58; 76; 192),1276
1065.0,0.0,18.0,False,False,(58; 76; 192),1276
1066.0,0.0,18.0,False,False,(58; 76; 192),1276
1067.0,0.0,18.0,False,False,(58; 76; 192),1276
1068.0,0.0,18.0,False,False,(58; 76; 192),1276
1069.0,0.0,18.0,False,False,(58; 76; 192),1276
1070.0,0.0,18.0,False,False,(58; 76; 192),1276
1071.0,0.0,18.0,False,False,(58; 76; 192),1276
1072.0,0.0,18.0,False,False,(58; 76; 192),1276
1073.0,0.0,18.0,False,False,(58; 76; 192),1276
1074.0,0.0,18.0,False,False,(58; 76; 192),1276
1075.0,0.0,18.0,False,False,(58; 76; 192),1276
1076.0,0.0,18.0,False,False,(58; 76; 192),1276
1077.0,0.0,18.0,False,False,(58; 76; 192),1276
1078.0,0.0,18.0,False,False,(58; 76; 192),1276
1079.0,0.0,18.0,False,False,(58; 76; 192),1276
1080.0,0.0,18.0,False,False,(58; 76; 192),1276
1081.0,0.0,18.0,False,False,(58; 76; 192),1276
1082.0,0.0,18.0,False,False,(58; 76; 192),1276
1083.0,0.0,18.0,False,False,(58; 76; 192),1276
1084.0,0.0,18.0,False,False,(58; 76; 192),1276
1085.0,0.0,18.0,False,False,(58; 76; 192),1276
1086.0,0.0,18.0,False,False,(58; 76; 192),1276
1087.0,0.0,18.0,False,False,(58; 76; 192),1276
1088.0,0.0,18.0,False,False,(58; 76; 192),1276
1089.0,0.0,18.0,False,False,(58; 76; 192),1276
1090.0,0.0,18.0,False,False,(58; 76; 192),1276
1091.0,0.0,18.0,False,False,(58; 76; 192),1276
1092.0,0.0,18.0,False,False,(58; 76; 192),1276
1093.0,0.0,18.0,False,False,(58; 76; 192),1276
1094.0,0.0,18.0,False,False,(58; 76; 192),1276
1095.0,0.0,18.0,False,False,(58; 76; 192),1276
1096.0,0.0,18.0,False,False,(58; 76; 192),1276
1097.0,0.0,18.0,False,False,(58; 76; 192),1276
1098.0,0.0,18.0,False,False,(58; 76; 192),1276
1099.0,0.0,18.0,False,False,(58; 76; 192),1276
1100.0,0.0,18.0,False,False,(58; 76; 192),1276
1101.0,0.0,18.0,False,False,(58; 76; 192),1276
1102.0,0.0,18.0,False,False,(58; 76; 192),1276
1103.0,0.0,18.0,False,False,(58; 76; 192),1276
1104.0,0.0,18.0,False,False,(58; 76; 192),1276
1105.0,0.0,18.0,False,False,(58; 76; 192),1276
1106.0,0.0,18.0,False,False,(58; 76; 192),1276
1107.0,0.0,18.0,False,False,(58; 76; 192),1276
1108.0,0.0,18.0,False,False,(58; 76; 192),1276
1109.0,0.0,18.0,False,False,(58; 76; 192),1276
1110.0,0.0,18.0,False,False,(58; 76; 192),1276
1111.0,0.0,18.0,False,False,(58; 76; 192),1276
1112.0,0.0,18.0,False,False,(58; 76; 192),1276
1113.0,0.0,18.0,False,False,(58; 76; 192),1276
1114.0,0.0,18.0,False,False,(58; 76; 192),1276
1115.0,0.0,18.0,False,False,(58; 76; 192),1276
1116.0,0.0,18.0,False,False,(58; 76; 192),1276
1117.0,0.0,18.0,False,False,(58; 76; 192),1276
1118.0,0.0,18.0,False,False,(58; 76; 192),1276
1119.0,0.0,18.0,False,False,(58; 76; 192),1276
1120.0,0.0,18.0,False,False,(58; 76; 192),1276
1121.0,0.0,18.0,False,False,(58; 76; 192),1276
1122.0,0.0,18.0,False,False,(58; 76; 192),1276
1123.0,0.0,18.0,False,False,(58; 76; 192),1276
1124.0,0.0,18.0,False,False,(58; 76; 192),1276
1125.0,0.0,18.0,False,False,(58; 76; 192),1276
1126.0,0.0,18.0,False,False,(58; 76; 192),1276
1127.0,0.0,18.0,False,False,(58; 76; 192),1276
1128.0,0.0,18.0,False,False,(58; 76; 192),1276
1129.0,0.0,18.0,False,False,(58; 76; 192),1276
1130.0,0.0,18.0,False,False,(58; 76; 192),1276
1131.0,0.0,18.0,False,False,(58; 76; 192),1276
1132.0,0.0,18.0,False,False,(58; 76; 192),1276
1133.0,0.0,18.0,False,False,(58; 76; 192),1276
1134.0,0.0,18.0,False,False,(58; 76; 192),1276
1135.0,0.0,18.0,False,False,(58; 76; 192),1276
1136.0,0.0,18.0,False,False,(58; 76; 192),1276
1137.0,0.0,18.0,False,False,(58; 76; 192),1276
1138.0,0.0,18.0,False,False,(58; 76; 192),1276
1139.0,0.0,18.0,False,False,(58; 76; 192),1276
1140.0,0.0,18.0,False,False,(58; 76; 192),1276
1141.0,0.0,18.0,False,False,(58; 76; 192),1276
1142.0,0.0,18.0,False,False,(58; 76; 192),1276
1143.0,0.0,18.0,False,False,(58; 76; 192),1276
1144.0,0.0,18.0,False,False,(58; 76; 192),1276
1145.0,0.0,18.0,False,False,(58; 76; 192),1276
1146.0,0.0,18.0,False,False,(58; 76; 192),1276
1147.0,0.0,18.0,False,False,(58; 76; 192),1276
1148.0,0.0,18.0,False,False,(58; 76; 192),1276
1149.0,0.0,18.0,False,False,(58; 76; 192),1276
1150.0,0.0,18.0,False,False,(58; 76; 192),1276
1151.0,0.0,18.0,False,False,(58; 76; 192),1276
1152.0,0.0,18.0,False,False,(58; 76; 192),1276
1153.0,0.0,18.0,False,False,(58; 76; 192),1276
1154.0,0.0,18.0,False,False,(58; 76; 192),1276
1155.0,0.0,18.0,False,False,(58; 76; 192),1276
1156.0,0.0,18.0,False,False,(58; 76; 192),1276
1157.0,0.0,18.0,False,False,(58; 76; 192),1276
1158.0,0.0,18.0,False,False,(58; 76; 192),1276
1159.0,0.0,18.0,False,False,(58; 76; 192),1276
1160.0,0.0,18.0,False,False,(58; 76; 192),1276
1161.0,0.0,18.0,False,False,(58; 76; 192),1276
1162.0,0.0,18.0,False,False,(58; 76; 192),1276
1163.0,0.0,18.0,False,False,(58; 76; 192),1276
1164.0,0.0,18.0,False,False,(58; 76; 192),1276
1165.0,0.0,18.0,False,False,(58; 76; 192),1276
1166.0,0.0,18.0,False,False,(58; 76; 192),1276
1167.0,0.0,18.0,False,False,(58; 76; 192),1276
1168.0,0.0,18.0,False,False,(58; 76; 192),1276
1169.0,0.0,18.0,False,False,(58; 76; 192),1276
1170.0,0.0,18.0,False,False,(58; 76; 192),1276
1171.0,0.0,18.0,False,False,(58; 76; 192),1276
1172.0,0.0,18.0,False,False,(58; 76; 192),1276
1173.0,0.0,18.0,False,False,(58; 76; 192),1276
1174.0,0.0,18.0,False,False,(58; 76; 192),1276
1175.0,0.0,18.0,False,False,(58; 76; 192),1276
1176.0,0.0,18.0,False,False,(58; 76; 192),1276
1177.0,0.0,18.0,False,False,(58; 76; 192),1276
1178.0,0.0,18.0,False,False,(58; 76; 192),1276
1179.0,0.0,18.0,False,False,(58; 76; 192),1276
1180.0,0.0,18.0,False,False,(58; 76; 192),1276
1181.0,0.0,18.0,False,False,(58; 76; 192),1276
1182.0,0.0,18.0,False,False,(58; 76; 192),1276
1183.0,0.0,18.0,False,False,(58; 76; 192),1276
1184.0,0.0,18.0,False,False,(58; 76; 192),1276
1185.0,0.0,18.0,False,False,(58; 76; 192),1276
1186.0,0.0,18.0,False,False,(58; 76; 192),1276
1187.0,0.0,18.0,False,False,(58; 76; 192),1276
1188.0,0.0,18.0,False,False,(58; 76; 192),1276
1189.0,0.0,18.0,False,False,(58; 76; 192),1276
1190.0,0.0,18.0,False,False,(58; 76; 192),1276
1191.0,0.0,18.0,False,False,(58; 76; 192),1276
1192.0,0.0,18.0,False,False,(58; 76; 192),1276
1193.0,0.0,18.0,False,False,(58; 76; 192),1276
1194.0,0.0,18.0,False,False,(58; 76; 192),1276
1195.0,0.0,18.0,False,False,(58; 76; 192),1276
1196.0,0.0,18.0,False,False,(58; 76; 192),1276
1197.0,0.0,18.0,False,False,(58; 76; 192),1276
1198.0,0.0,18.0,False,False,(58; 76; 192),1276
1199.0,0.0,18.0,False,False,(58; 76; 192),1276
1200.0,0.0,18.0,False,False,(58; 76; 192),1276
1201.0,0.0,18.0,False,False,(58; 76; 192),1276
1202.0,0.0,18.0,False,False,(58; 76; 192),1276
1203.0,0.0,18.0,False,False,(58; 76; 192),1276
1204.0,0.0,18.0,False,False,(58; 76; 192),1276
1205.0,0.0,18.0,False,False,(58; 76; 192),1276
1206.0,0.0,18.0,False,False,(58; 76; 192),1276
1207.0,0.0,18.0,False,False,(58; 76; 192),1276
1208.0,0.0,18.0,False,False,(58; 76; 192),1276
1209.0,0.0,18.0,False,False,(58; 76; 192),1276
1210.0,0.0,18.0,False,False,(58; 76; 192),1276
1211.0,0.0,18.0,False,False,(58; 76; 192),1276
1212.0,0.0,18.0,False,False,(58; 76; 192),1276
1213.0,0.0,18.0,False,False,(58; 76; 192),1276
1214.0,0.0,18.0,False,False,(58; 76; 192),1276
1215.0,0.0,18.0,False,False,(58; 76; 192),1276
1216.0,0.0,18.0,False,False,(58; 76; 192),1276
1217.0,0.0,18.0,False,False,(58; 76; 192),1276
1218.0,0.0,18.0,False,False,(58; 76; 192),1276
1219.0,0.0,18.0,False,False,(58; 76; 192),1276
1220.0,0.0,18.0,False,False,(58; 76; 192),1276
1221.0,0.0,18.0,False,False,(58; 76; 192),1276
1222.0,0.0,18.0,False,False,(58; 76; 192),1276
1223.0,0.0,18.0,False,False,(58; 76; 192),1276
1224.0,0.0,18.0,False,False,(58; 76; 192),1276
1225.0,0.0,18.0,False,False,(58; 76; 192),1276
1226.0,0.0,18.0,False,False,(58; 76; 192),1276
1227.0,0.0,18.0,False,False,(58; 76; 192),1276
1228.0,0.0,18.0,False,False,(58; 76; 192),1276
1229.0,0.0,18.0,False,False,(58; 76; 192),1276
1230.0,0.0,18.0,False,False,(58; 76; 192),1276
1231.0,0.0,18.0,False,False,(58; 76; 192),1276
1232.0,0.0,18.0,False,False,(58; 76; 192),1276
1233.0,0.0,18.0,False,False,(58; 76; 192),1276
1234.0,0.0,18.0,False,False,(58; 76; 192),1276
1235.0,0.0,18.0,False,False,(58; 76; 192),1276
1236.0,0.0,18.0,False,False,(58; 76; 192),1276
1237.0,0.0,18.0,False,False,(58; 76; 192),1276
1238.0,0.0,18.0,False,False,(58; 76; 192),1276
1239.0,0.0,18.0,False,False,(58; 76; 192),1276
1240.0,0.0,18.0,False,False,(58; 76; 192),1276
1241.0,0.0,18.0,False,False,(58; 76; 192),1276
1242.0,0.0,18.0,False,False,(58; 76; 192),1276
1243.0,0.0,18.0,False,False,(58; 76; 192),1276
1244.0,0.0,18.0,False,False,(58; 76; 192),1276
1245.0,0.0,18.0,False,False,(58; 76; 192),1276
1246.0,0.0,18.0,False,False,(58; 76; 192),1276
1247.0,0.0,18.0,False,False,(58; 76; 192),1276
1248.0,0.0,18.0,False,False,(58; 76; 192),1276
1249.0,0.0,18.0,False,False,(58; 76; 192),1276
1250.0,0.0,18.0,False,False,(58; 76; 192),1276
1251.0,0.0,18.0,False,False,(58; 76; 192),1276
1252.0,0.0,18.0,False,False,(58; 76; 192),1276
1253.0,0.0,18.0,False,False,(58; 76; 192),1276
1254.0,0.0,18.0,False,False,(58; 76; 192),1276
1255.0,0.0,18.0,False,False,(58; 76; 192),1276
1256.0,0.0,18.0,False,False,(58; 76; 192),1276
1257.0,0.0,18.0,False,False,(58; 76; 192),1276
1258.0,0.0,18.0,False,False,(58; 76; 192),1276
1259.0,0.0,18.0,False,False,(58; 76; 192),1276
1260.0,0.0,18.0,False,False,(58; 76; 192),1276
1261.0,0.0,18.0,False,False,(58; 76; 192),1276
1262.0,0.0,18.0,False,False,(58; 76; 192),1276
1263.0,0.0,18.0,False,False,(58; 76; 192),1276
1264.0,0.0,18.0,False,False,(58; 76; 192),1276
1265.0,0.0,18.0,False,False,(58; 76; 192),1276
1266.0,0.0,18.0,False,False,(58; 76; 192),1276
1267.0,0.0,18.0,False,False,(58; 76; 192),1276
1268.0,0.0,18.0,False,False,(58; 76; 192),1276
1269.0,0.0,18.0,False,False,(58; 76; 192),1276
1270.0,0.0,18.022,False,True,(59; 77; 193),1276
1271.0,0.0,18.685,False,True,(112; 147; 243),1276
1272.0,0.0,19.348,False,True,(171; 199; 252),1276
1273.0,0.0,20.011,False,True,(221; 220; 219),1276
1274.0,0.0,20.674,False,True,(246; 182; 154),1276
1275.0,0.0,21.337,False,True,(230; 116; 90),1514
1276.0,1.0,22.0,True,True,(179; 3; 38),1514
1277.0,1.0,22.0,True,True,(179; 3; 38),1514
1278.0,1.0,22.0,True,True,(179; 3; 38),1514
1279.0,1.0,22.0,True,True,(179; 3; 38),1514
1280.0,1.0,22.0,True,True,(179; 3; 38),1514
1281.0,1.0,22.0,True,True,(179; 3; 38),1514
1282.0,1.0,22.0,True,True,(179; 3; 38),1514
1283.0,1.0,22.0,True,True,(179; 3; 38),1514
1284.0,1.0,22.0,True,True,(179; 3; 38),1514
1285.0,1.0,22.0,True,True,(179; 3; 38),1514
1286.0,1.0,22.0,True,True,(179; 3; 38),1514
1287.0,1.0,22.0,True,True,(179; 3; 38),1514
1288.0,1.0,22.0,True,True,(179; 3; 38),1514
1289.0,1.0,22.0,True,True,(179; 3; 38),1514
1290.0,1.0,22.0,True,True,(179; 3; 38),1514
1291.0,1.0,22.0,True,True,(179; 3; 38),1514
1292.0,1.0,22.0,True,True,(179; 3; 38),1514
1293.0,1.0,22.0,True,True,(179; 3; 38),1514
1294.0,1.0,22.0,True,True,(179; 3; 38),1514
1295.0,1.0,22.0,True,True,(179; 3; 38),1514
1296.0,1.0,22.0,True,True,(179; 3; 38),1514
1297.0,1.0,22.0,True,True,(179; 3; 38),1514
1298.0,1.0,22.0,True,True,(179; 3; 38),1514
1299.0,1.0,22.0,True,True,(179; 3; 38),1514
1300.0,1.0,22.0,True,True,(179; 3; 38),1514
1301.0,1.0,22.0,True,True,(179; 3; 38),1514
1302.0,1.0,22.0,True,True,(179; 3; 38),1514
1303.0,1.0,22.0,True,True,(179; 3; 38),1514
1304.0,1.0,22.0,True,True,(179; 3; 38),1514
1305.0,1.0,22.0,True,True,(179; 3; 38),1514
1306.0,0.0,21.0,False,False,(243; 152; 121),1514
1307.0,0.0,20.0,False,False,(221; 220; 219),1514
1308.0,0.0,19.0,False,False,(141; 175; 253),1514
1309.0,0.0,18.0,False,False,(58; 76; 192),1514
1310.0,0.0,18.0,False,False,(58; 76; 192),1514
1311.0,0.0,18.0,False,False,(58; 76; 192),1514
1312.0,0.0,18.0,False,False,(58; 76; 192),1514
1313.0,0.0,18.0,False,False,(58; 76; 192),1514
1314.0,0.0,18.0,False,False,(58; 76; 192),1514
1315.0,0.0,18.0,False,False,(58; 76; 192),1514
1316.0,0.0,18.0,False,False,(58; 76; 192),1514
1317.0,0.0,18.0,False,False,(58; 76; 192),1514
1318.0,0.0,18.0,False,False,(58; 76; 192),1514
1319.0,0.0,18.0,False,False,(58; 76; 192),1514
1320.0,0.0,18.0,False,False,(58; 76; 192),1514
1321.0,0.0,18.0,False,False,(58; 76; 192),1514
1322.0,0.0,18.0,False,False,(58; 76; 192),1514
1323.0,0.0,18.0,False,False,(58; 76; 192),1514
1324.0,0.0,18.0,False,False,(58; 76; 192),1514
1325.0,0.0,18.0,False,False,(58; 76; 192),1514
1326.0,0.0,18.0,False,False,(58; 76; 192),1514
1327.0,0.0,18.0,False,False,(58; 76; 192),1514
1328.0,0.0,18.0,False,False,(58; 76; 192),1514
1329.0,0.0,18.0,False,False,(58; 76; 192),1514
1330.0,0.0,18.0,False,False,(58; 76; 192),1514
1331.0,0.0,18.0,False,False,(58; 76; 192),1514
1332.0,0.0,18.0,False,False,(58; 76; 192),1514
1333.0,0.0,18.0,False,False,(58; 76; 192),1514
1334.0,0.0,18.0,False,False,(58; 76; 192),1514
1335.0,0.0,18.0,False,False,(58; 76; 192),1514
1336.0,0.0,18.0,False,False,(58; 76; 192),1514
1337.0,0.0,18.0,False,False,(58; 76; 192),1514
1338.0,0.0,18.0,False,False,(58; 76; 192),1514
1339.0,0.0,18.0,False,False,(58; 76; 192),1514
1340.0,0.0,18.0,False,False,(58; 76; 192),1514
1341.0,0.0,18.0,False,False,(58; 76; 192),1514
1342.0,0.0,18.0,False,False,(58; 76; 192),1514
1343.0,0.0,18.0,False,False,(58; 76; 192),1514
1344.0,0.0,18.0,False,False,(58; 76; 192),1514
1345.0,0.0,18.0,False,False,(58; 76; 192),1514
1346.0,0.0,18.0,False,False,(58; 76; 192),1514
1347.0,0.0,18.0,False,False,(58; 76; 192),1514
1348.0,0.0,18.0,False,False,(58; 76; 192),1514
1349.0,0.0,18.0,False,False,(58; 76; 192),1514
1350.0,0.0,18.0,False,False,(58; 76; 192),1514
1351.0,0.0,18.0,False,False,(58; 76; 192),1514
1352.0,0.0,18.0,False,False,(58; 76; 192),1514
1353.0,0.0,18.0,False,False,(58; 76; 192),1514
1354.0,0.0,18.0,False,False,(58; 76; 192),1514
1355.0,0.0,18.0,False,False,(58; 76; 192),1514
1356.0,0.0,18.0,False,False,(58; 76; 192),1514
1357.0,0.0,18.0,False,False,(58; 76; 192),1514
1358.0,0.0,18.0,False,False,(58; 76; 192),1514
1359.0,0.0,18.0,False,False,(58; 76; 192),1514
1360.0,0.0,18.0,False,False,(58; 76; 192),1514
1361.0,0.0,18.0,False,False,(58; 76; 192),1514
1362.0,0.0,18.0,False,False,(58; 76; 192),1514
1363.0,0.0,18.0,False,False,(58; 76; 192),1514
1364.0,0.0,18.0,False,False,(58; 76; 192),1514
1365.0,0.0,18.0,False,False,(58; 76; 192),1514
1366.0,0.0,18.0,False,False,(58; 76; 192),1514
1367.0,0.0,18.0,False,False,(58; 76; 192),1514
1368.0,0.0,18.0,False,False,(58; 76; 192),1514
1369.0,0.0,18.0,False,False,(58; 76; 192),1514
1370.0,0.0,18.0,False,False,(58; 76; 192),1514
1371.0,0.0,18.0,False,False,(58; 76; 192),1514
1372.0,0.0,18.0,False,False,(58; 76; 192),1514
1373.0,0.0,18.0,False,False,(58; 76; 192),1514
1374.0,0.0,18.0,False,False,(58; 76; 192),1514
1375.0,0.0,18.0,False,False,(58; 76; 192),1514
1376.0,0.0,18.0,False,False,(58; 76; 192),1514
1377.0,0.0,18.0,False,False,(58; 76; 192),1514
1378.0,0.0,18.0,False,False,(58; 76; 192),1514
1379.0,0.0,18.0,False,False,(58; 76; 192),1514
1380.0,0.0,18.0,False,False,(58; 76; 192),1514
1381.0,0.0,18.0,False,False,(58; 76; 192),1514
1382.0,0.0,18.0,False,False,(58; 76; 192),1514
1383.0,0.0,18.0,False,False,(58; 76; 192),1514
1384.0,0.0,18.0,False,False,(58; 76; 192),1514
1385.0,0.0,18.0,False,False,(58; 76; 192),1514
1386.0,0.0,18.0,False,False,(58; 76; 192),1514
1387.0,0.0,18.0,False,False,(58; 76; 192),1514
1388.0,0.0,18.0,False,False,(58; 76; 192),1514
1389.0,0.0,18.0,False,False,(58; 76; 192),1514
1390.0,0.0,18.0,False,False,(58; 76; 192),1514
1391.0,0.0,18.0,False,False,(58; 76; 192),1514
1392.0,0.0,18.0,False,False,(58; 76; 192),1514
1393.0,0.0,18.0,False,False,(58; 76; 192),1514
1394.0,0.0,18.0,False,False,(58; 76; 192),1514
1395.0,0.0,18.0,False,False,(58; 76; 192),1514
1396.0,0.0,18.0,False,False,(58; 76; 192),1514
1397.0,0.0,18.0,False,False,(58; 76; 192),1514
1398.0,0.0,18.0,False,False,(58; 76; 192),1514
1399.0,0.0,18.0,False,False,(58; 76; 192),1514
1400.0,0.0,18.0,False,False,(58; 76; 192),1514
1401.0,0.0,18.0,False,False,(58; 76; 192),1514
1402.0,0.0,18.0,False,False,(58; 76; 192),1514
1403.0,0.0,18.0,False,False,(58; 76; 192),1514
1404.0,0.0,18.0,False,False,(58; 76; 192),1514
1405.0,0.0,18.0,False,False,(58; 76; 192),1514
1406.0,0.0,18.0,False,False,(58; 76; 192),1514
1407.0,0.0,18.0,False,False,(58; 76; 192),1514
1408.0,0.0,18.0,False,False,(58; 76; 192),1514
1409.0,0.0,18.0,False,False,(58; 76; 192),1514
1410.0,0.0,18.0,False,False,(58; 76; 192),1514
1411.0,0.0,18.0,False,False,(58; 76; 192),1514
1412.0,0.0,18.0,False,False,(58; 76; 192),1514
1413.0,0.0,18.0,False,False,(58; 76; 192),1514
1414.0,0.0,18.0,False,False,(58; 76; 192),1514
1415.0,0.0,18.0,False,False,(58; 76; 192),1514
1416.0,0.0,18.0,False,False,(58; 76; 192),1514
1417.0,0.0,18.0,False,False,(58; 76; 192),1514
1418.0,0.0,18.0,False,False,(58; 76; 192),1514
1419.0,0.0,18.0,False,False,(58; 76; 192),1514
1420.0,0.0,18.0,False,False,(58; 76; 192),1514
1421.0,0.0,18.0,False,False,(58; 76; 192),1514
1422.0,0.0,18.0,False,False,(58; 76; 192),1514
1423.0,0.0,18.0,False,False,(58; 76; 192),1514
1424.0,0.0,18.0,False,False,(58; 76; 192),1514
1425.0,0.0,18.0,False,False,(58; 76; 192),1514
1426.0,0.0,18.0,False,False,(58; 76; 192),1514
1427.0,0.0,18.0,False,False,(58; 76; 192),1514
1428.0,0.0,18.0,False,False,(58; 76; 192),1514
1429.0,0.0,18.0,False,False,(58; 76; 192),1514
1430.0,0.0,18.0,False,False,(58; 76; 192),1514
1431.0,0.0,18.0,False,False,(58; 76; 192),1514
1432.0,0.0,18.0,False,False,(58; 76; 192),1514
1433.0,0.0,18.0,False,False,(58; 76; 192),1514
1434.0,0.0,18.0,False,False,(58; 76; 192),1514
1435.0,0.0,18.0,False,False,(58; 76; 192),1514
1436.0,0.0,18.0,False,False,(58; 76; 192),1514
1437.0,0.0,18.0,False,False,(58; 76; 192),1514
1438.0,0.0,18.0,False,False,(58; 76; 192),1514
1439.0,0.0,18.0,False,False,(58; 76; 192),1514
1440.0,0.0,18.0,False,False,(58; 76; 192),1514
1441.0,0.0,18.0,False,False,(58; 76; 192),1514
1442.0,0.0,18.0,False,False,(58; 76; 192),1514
1443.0,0.0,18.0,False,False,(58; 76; 192),1514
1444.0,0.0,18.0,False,False,(58; 76; 192),1514
1445.0,0.0,18.0,False,False,(58; 76; 192),1514
1446.0,0.0,18.0,False,False,(58; 76; 192),1514
1447.0,0.0,18.0,False,False,(58; 76; 192),1514
1448.0,0.0,18.0,False,False,(58; 76; 192),1514
1449.0,0.0,18.0,False,False,(58; 76; 192),1514
1450.0,0.0,18.0,False,False,(58; 76; 192),1514
1451.0,0.0,18.0,False,False,(58; 76; 192),1514
1452.0,0.0,18.0,False,False,(58; 76; 192),1514
1453.0,0.0,18.0,False,False,(58; 76; 192),1514
1454.0,0.0,18.0,False,False,(58; 76; 192),1514
1455.0,0.0,18.0,False,False,(58; 76; 192),1514
1456.0,0.0,18.0,False,False,(58; 76; 192),1514
1457.0,0.0,18.0,False,False,(58; 76; 192),1514
1458.0,0.0,18.0,False,False,(58; 76; 192),1514
1459.0,0.0,18.0,False,False,(58; 76; 192),1514
1460.0,0.0,18.0,False,False,(58; 76; 192),1514
1461.0,0.0,18.0,False,False,(58; 76; 192),1514
1462.0,0.0,18.0,False,False,(58; 76; 192),1514
1463.0,0.0,18.0,False,False,(58; 76; 192),1514
1464.0,0.0,18.0,False,False,(58; 76; 192),1514
1465.0,0.0,18.0,False,False,(58; 76; 192),1514
1466.0,0.0,18.0,False,False,(58; 76; 192),1514
1467.0,0.0,18.0,False,False,(58; 76; 192),1514
1468.0,0.0,18.0,False,False,(58; 76; 192),1514
1469.0,0.0,18.0,False,False,(58; 76; 192),1514
1470.0,0.0,18.0,False,False,(58; 76; 192),1514
1471.0,0.0,18.0,False,False,(58; 76; 192),1514
1472.0,0.0,18.0,False,False,(58; 76; 192),1514
1473.0,0.0,18.0,False,False,(58; 76; 192),1514
1474.0,0.0,18.0,False,False,(58; 76; 192),1514
1475.0,0.0,18.0,False,False,(58; 76; 192),1514
1476.0,0.0,18.0,False,False,(58; 76; 192),1514
1477.0,0.0,18.0,False,False,(58; 76; 192),1514
1478.0,0.0,18.0,False,False,(58; 76; 192),1514
1479.0,0.0,18.0,False,False,(58; 76; 192),1514
1480.0,0.0,18.0,False,False,(58; 76; 192),1514
1481.0,0.0,18.0,False,False,(58; 76; 192),1514
1482.0,0.0,18.0,False,False,(58; 76; 192),1514
1483.0,0.0,18.0,False,False,(58; 76; 192),1514
1484.0,0.0,18.0,False,False,(58; 76; 192),1514
1485.0,0.0,18.0,False,False,(58; 76; 192),1514
1486.0,0.0,18.0,False,False,(58; 76; 192),1514
1487.0,0.0,18.0,False,False,(58; 76; 192),1514
1488.0,0.0,18.0,False,False,(58; 76; 192),1514
1489.0,0.0,18.0,False,False,(58; 76; 192),1514
1490.0,0.0,18.0,False,False,(58; 76; 192),1514
1491.0,0.0,18.0,False,False,(58; 76; 192),1514
1492.0,0.0,18.0,False,False,(58; 76; 192),1514
1493.0,0.0,18.0,False,False,(58; 76; 192),1514
1494.0,0.0,18.0,False,False,(58; 76; 192),1514
1495.0,0.0,18.0,False,False,(58; 76; 192),1514
1496.0,0.0,18.0,False,False,(58; 76; 192),1514
1497.0,0.0,18.0,False,False,(58; 76; 192),1514
1498.0,0.0,18.0,False,False,(58; 76; 192),1514
1499.0,0.0,18.0,False,False,(58; 76; 192),1514
1500.0,0.0,18.0,False,False,(58; 76; 192),1514
1501.0,0.0,18.0,False,False,(58; 76; 192),1514
1502.0,0.0,18.0,False,False,(58; 76; 192),1514
1503.0,0.0,18.0,False,False,(58; 76; 192),1514
1504.0,0.0,18.0,False,False,(58; 76; 192),1514
1505.0,0.0,18.0,False,False,(58; 76; 192),1514
1506.0,0.0,18.0,False,False,(58; 76; 192),1514
1507.0,0.0,18.0,False,False,(58; 76; 192),1514
1508.0,0.0,18.022,False,True,(59; 77; 193),1514
1509.0,0.0,18.685,False,True,(112; 147; 243),1514
1510.0,0.0,19.348,False,True,(171; 199; 252),1514
1511.0,0.0,20.011,False,True,(221; 220; 219),1514
1512.0,0.0,20.674,False,True,(246; 182; 154),1514
1513.0,0.0,21.337,False,True,(230; 116; 90),1842
1514.0,1.0,22.0,True,True,(179; 3; 38),1842
1515.0,1.0,22.0,True,True,(179; 3; 38),1842
1516.0,1.0,22.0,True,True,(179; 3; 38),1842
1517.0,1.0,22.0,True,True,(179; 3; 38),1842
1518.0,1.0,22.0,True,True,(179; 3; 38),1842
1519.0,1.0,22.0,True,True,(179; 3; 38),1842
1520.0,1.0,22.0,True,True,(179; 3; 38),1842
1521.0,1.0,22.0,True,True,(179; 3; 38),1842
1522.0,1.0,22.0,True,True,(179; 3; 38),1842
1523.0,1.0,22.0,True,True,(179; 3; 38),1842
1524.0,1.0,22.0,True,True,(179; 3; 38),1842
1525.0,1.0,22.0,True,True,(179; 3; 38),1842
1526.0,1.0,22.0,True,True,(179; 3; 38),1842
1527.0,1.0,22.0,True,True,(179; 3; 38),1842
1528.0,1.0,22.0,True,True,(179; 3; 38),1842
1529.0,1.0,22.0,True,True,(179; 3; 38),1842
1530.0,1.0,22.0,True,True,(179; 3; 38),1842
1531.0,1.0,22.0,True,True,(179; 3; 38),1842
1532.0,1.0,22.0,True,True,(179; 3; 38),1842
1533.0,0.0,21.0,False,False,(243; 152; 121),1842
1534.0,0.0,20.0,False,False,(221; 220; 219),1842
1535.0,0.0,19.0,False,False,(141; 175; 253),1842
1536.0,0.0,18.0,False,False,(58; 76; 192),1842
1537.0,0.0,18.0,False,False,(58; 76; 192),1842
1538.0,0.0,18.0,False,False,(58; 76; 192),1842
1539.0,0.0,18.0,False,False,(58; 76; 192),1842
1540.0,0.0,18.0,False,False,(58; 76; 192),1842
1541.0,0.0,18.0,False,False,(58; 76; 192),1842
1542.0,0.0,18.0,False,False,(58; 76; 192),1842
1543.0,0.0,18.0,False,False,(58; 76; 192),1842
1544.0,0.0,18.0,False,False,(58; 76; 192),1842
1545.0,0.0,18.0,False,False,(58; 76; 192),1842
1546.0,0.0,18.0,False,False,(58; 76; 192),1842
1547.0,0.0,18.0,False,False,(58; 76; 192),1842
1548.0,0.0,18.0,False,False,(58; 76; 192),1842
1549.0,0.0,18.0,False,False,(58; 76; 192),1842
1550.0,0.0,18.0,False,False,(58; 76; 192),1842
1551.0,0.0,18.0,False,False,(58; 76; 192),1842
1552.0,0.0,18.0,False,False,(58; 76; 192),1842
1553.0,0.0,18.0,False,False,(58; 76; 192),1842
1554.0,0.0,18.0,False,False,(58; 76; 192),1842
1555.0,0.0,18.0,False,False,(58; 76; 192),1842
1556.0,0.0,18.0,False,False,(58; 76; 192),1842
1557.0,0.0,18.0,False,False,(58; 76; 192),1842
1558.0,0.0,18.0,False,False,(58; 76; 192),1842
1559.0,0.0,18.0,False,False,(58; 76; 192),1842
1560.0,0.0,18.0,False,False,(58; 76; 192),1842
1561.0,0.0,18.0,False,False,(58; 76; 192),1842
1562.0,0.0,18.0,False,False,(58; 76; 192),1842
1563.0,0.0,18.0,False,False,(58; 76; 192),1842
1564.0,0.0,18.0,False,False,(58; 76; 192),1842
1565.0,0.0,18.0,False,False,(58; 76; 192),1842
1566.0,0.0,18.0,False,False,(58; 76; 192),1842
1567.0,0.0,18.0,False,False,(58; 76; 192),1842
1568.0,0.0,18.0,False,False,(58; 76; 192),1842
1569.0,0.0,18.0,False,False,(58; 76; 192),1842
1570.0,0.0,18.0,False,False,(58; 76; 192),1842
1571.0,0.0,18.0,False,False,(58; 76; 192),1842
1572.0,0.0,18.0,False,False,(58; 76; 192),1842
1573.0,0.0,18.0,False,False,(58; 76; 192),1842
1574.0,0.0,18.0,False,False,(58; 76; 192),1842
1575.0,0.0,18.0,False,False,(58; 76; 192),1842
1576.0,0.0,18.0,False,False,(58; 76; 192),1842
1577.0,0.0,18.0,False,False,(58; 76; 192),1842
1578.0,0.0,18.0,False,False,(58; 76; 192),1842
1579.0,0.0,18.0,False,False,(58; 76; 192),1842
1580.0,0.0,18.0,False,False,(58; 76; 192),1842
1581.0,0.0,18.0,False,False,(58; 76; 192),1842
1582.0,0.0,18.0,False,False,(58; 76; 192),1842
1583.0,0.0,18.0,False,False,(58; 76; 192),1842
1584.0,0.0,18.0,False,False,(58; 76; 192),1842
1585.0,0.0,18.0,False,False,(58; 76; 192),1842
1586.0,0.0,18.0,False,False,(58; 76; 192),1842
1587.0,0.0,18.0,False,False,(58; 76; 192),1842
1588.0,0.0,18.0,False,False,(58; 76; 192),1842
1589.0,0.0,18.0,False,False,(58; 76; 192),1842
1590.0,0.0,18.0,False,False,(58; 76; 192),1842
1591.0,0.0,18.0,False,False,(58; 76; 192),1842
1592.0,0.0,18.0,False,False,(58; 76; 192),1842
1593.0,0.0,18.0,False,False,(58; 76; 192),1842
1594.0,0.0,18.0,False,False,(58; 76; 192),1842
1595.0,0.0,18.0,False,False,(58; 76; 192),1842
1596.0,0.0,18.0,False,False,(58; 76; 192),1842
1597.0,0.0,18.0,False,False,(58; 76; 192),1842
1598.0,0.0,18.0,False,False,(58; 76; 192),1842
1599.0,0.0,18.0,False,False,(58; 76; 192),1842
1600.0,0.0,18.0,False,False,(58; 76; 192),1842
1601.0,0.0,18.0,False,False,(58; 76; 192),1842
1602.0,0.0,18.0,False,False,(58; 76; 192),1842
1603.0,0.0,18.0,False,False,(58; 76; 192),1842
1604.0,0.0,18.0,False,False,(58; 76; 192),1842
1605.0,0.0,18.0,False,False,(58; 76; 192),1842
1606.0,0.0,18.0,False,False,(58; 76; 192),1842
1607.0,0.0,18.0,False,False,(58; 76; 192),1842
1608.0,0.0,18.0,False,False,(58; 76; 192),1842
1609.0,0.0,18.0,False,False,(58; 76; 192),1842
1610.0,0.0,18.0,False,False,(58; 76; 192),1842
1611.0,0.0,18.0,False,False,(58; 76; 192),1842
1612.0,0.0,18.0,False,False,(58; 76; 192),1842
1613.0,0.0,18.0,False,False,(58; 76; 192),1842
1614.0,0.0,18.0,False,False,(58; 76; 192),1842
1615.0,0.0,18.0,False,False,(58; 76; 192),1842
1616.0,0.0,18.0,False,False,(58; 76; 192),1842
1617.0,0.0,18.0,False,False,(58; 76; 192),1842
1618.0,0.0,18.0,False,False,(58; 76; 192),1842
1619.0,0.0,18.0,False,False,(58; 76; 192),1842
1620.0,0.0,18.0,False,False,(58; 76; 192),1842
1621.0,0.0,18.0,False,False,(58; 76; 192),1842
1622.0,0.0,18.0,False,False,(58; 76; 192),1842
1623.0,0.0,18.0,False,False,(58; 76; 192),1842
1624.0,0.0,18.0,False,False,(58; 76; 192),1842
1625.0,0.0,18.0,False,False,(58; 76; 192),1842
1626.0,0.0,18.0,False,False,(58; 76; 192),1842
1627.0,0.0,18.0,False,False,(58; 76; 192),1842
1628.0,0.0,18.0,False,False,(58; 76; 192),1842
1629.0,0.0,18.0,False,False,(58; 76; 192),1842
1630.0,0.0,18.0,False,False,(58; 76; 192),1842
1631.0,0.0,18.0,False,False,(58; 76; 192),1842
1632.0,0.0,18.0,False,False,(58; 76; 192),1842
1633.0,0.0,18.0,False,False,(58; 76; 192),1842
1634.0,0.0,18.0,False,False,(58; 76; 192),1842
1635.0,0.0,18.0,False,False,(58; 76; 192),1842
1636.0,0.0,18.0,False,False,(58; 76; 192),1842
1637.0,0.0,18.0,False,False,(58; 76; 192),1842
1638.0,0.0,18.0,False,False,(58; 76; 192),1842
1639.0,0.0,18.0,False,False,(58; 76; 192),1842
1640.0,0.0,18.0,False,False,(58; 76; 192),1842
1641.0,0.0,18.0,False,False,(58; 76; 192),1842
1642.0,0.0,18.0,False,False,(58; 76; 192),1842
1643.0,0.0,18.0,False,False,(58; 76; 192),1842
1644.0,0.0,18.0,False,False,(58; 76; 192),1842
1645.0,0.0,18.0,False,False,(58; 76; 192),1842
1646.0,0.0,18.0,False,False,(58; 76; 192),1842
1647.0,0.0,18.0,False,False,(58; 76; 192),1842
1648.0,0.0,18.0,False,False,(58; 76; 192),1842
1649.0,0.0,18.0,False,False,(58; 76; 192),1842
1650.0,0.0,18.0,False,False,(58; 76; 192),1842
1651.0,0.0,18.0,False,False,(58; 76; 192),1842
1652.0,0.0,18.0,False,False,(58; 76; 192),1842
1653.0,0.0,18.0,False,False,(58; 76; 192),1842
1654.0,0.0,18.0,False,False,(58; 76; 192),1842
1655.0,0.0,18.0,False,False,(58; 76; 192),1842
1656.0,0.0,18.0,False,False,(58; 76; 192),1842
1657.0,0.0,18.0,False,False,(58; 76; 192),1842
1658.0,0.0,18.0,False,False,(58; 76; 192),1842
1659.0,0.0,18.0,False,False,(58; 76; 192),1842
1660.0,0.0,18.0,False,False,(58; 76; 192),1842
1661.0,0.0,18.0,False,False,(58; 76; 192),1842
1662.0,0.0,18.0,False,False,(58; 76; 192),1842
1663.0,0.0,18.0,False,False,(58; 76; 192),1842
1664.0,0.0,18.0,False,False,(58; 76; 192),1842
1665.0,0.0,18.0,False,False,(58; 76; 192),1842
1666.0,0.0,18.0,False,False,(58; 76; 192),1842
1667.0,0.0,18.0,False,False,(58; 76; 192),1842
1668.0,0.0,18.0,False,False,(58; 76; 192),1842
1669.0,0.0,18.0,False,False,(58; 76; 192),1842
1670.0,0.0,18.0,False,False,(58; 76; 192),1842
1671.0,0.0,18.0,False,False,(58; 76; 192),1842
1672.0,0.0,18.0,False,False,(58; 76; 192),1842
1673.0,0.0,18.0,False,False,(58; 76; 192),1842
1674.0,0.0,18.0,False,False,(58; 76; 192),1842
1675.0,0.0,18.0,False,False,(58; 76; 192),1842
1676.0,0.0,18.0,False,False,(58; 76; 192),1842
1677.0,0.0,18.0,False,False,(58; 76; 192),1842
1678.0,0.0,18.0,False,False,(58; 76; 192),1842
1679.0,0.0,18.0,False,False,(58; 76; 192),1842
1680.0,0.0,18.0,False,False,(58; 76; 192),1842
1681.0,0.0,18.0,False,False,(58; 76; 192),1842
1682.0,0.0,18.0,False,False,(58; 76; 192),1842
1683.0,0.0,18.0,False,False,(58; 76; 192),1842
1684.0,0.0,18.0,False,False,(58; 76; 192),1842
1685.0,0.0,18.0,False,False,(58; 76; 192),1842
1686.0,0.0,18.0,False,False,(58; 76; 192),1842
1687.0,0.0,18.0,False,False,(58; 76; 192),1842
1688.0,0.0,18.0,False,False,(58; 76; 192),1842
1689.0,0.0,18.0,False,False,(58; 76; 192),1842
1690.0,0.0,18.0,False,False,(58; 76; 192),1842
1691.0,0.0,18.0,False,False,(58; 76; 192),1842
1692.0,0.0,18.0,False,False,(58; 76; 192),1842
1693.0,0.0,18.0,False,False,(58; 76; 192),1842
1694.0,0.0,18.0,False,False,(58; 76; 192),1842
1695.0,0.0,18.0,False,False,(58; 76; 192),1842
1696.0,0.0,18.0,False,False,(58; 76; 192),1842
1697.0,0.0,18.0,False,False,(58; 76; 192),1842
1698.0,0.0,18.0,False,False,(58; 76; 192),1842
1699.0,0.0,18.0,False,False,(58; 76; 192),1842
1700.0,0.0,18.0,False,False,(58; 76; 192),1842
1701.0,0.0,18.0,False,False,(58; 76; 192),1842
1702.0,0.0,18.0,False,False,(58; 76; 192),1842
1703.0,0.0,18.0,False,False,(58; 76; 192),1842
1704.0,0.0,18.0,False,False,(58; 76; 192),1842
1705.0,0.0,18.0,False,False,(58; 76; 192),1842
1706.0,0.0,18.0,False,False,(58; 76; 192),1842
1707.0,0.0,18.0,False,False,(58; 76; 192),1842
1708.0,0.0,18.0,False,False,(58; 76; 192),1842
1709.0,0.0,18.0,False,False,(58; 76; 192),1842
1710.0,0.0,18.0,False,False,(58; 76; 192),1842
1711.0,0.0,18.0,False,False,(58; 76; 192),1842
1712.0,0.0,18.0,False,False,(58; 76; 192),1842
1713.0,0.0,18.0,False,False,(58; 76; 192),1842
1714.0,0.0,18.0,False,False,(58; 76; 192),1842
1715.0,0.0,18.0,False,False,(58; 76; 192),1842
1716.0,0.0,18.0,False,False,(58; 76; 192),1842
1717.0,0.0,18.0,False,False,(58; 76; 192),1842
1718.0,0.0,18.0,False,False,(58; 76; 192),1842
1719.0,0.0,18.0,False,False,(58; 76; 192),1842
1720.0,0.0,18.0,False,False,(58; 76; 192),1842
1721.0,0.0,18.0,False,False,(58; 76; 192),1842
1722.0,0.0,18.0,False,False,(58; 76; 192),1842
1723.0,0.0,18.0,False,False,(58; 76; 192),1842
1724.0,0.0,18.0,False,False,(58; 76; 192),1842
1725.0,0.0,18.0,False,False,(58; 76; 192),1842
1726.0,0.0,18.0,False,False,(58; 76; 192),1842
1727.0,0.0,18.0,False,False,(58; 76; 192),1842
1728.0,0.0,18.0,False,False,(58; 76; 192),1842
1729.0,0.0,18.0,False,False,(58; 76; 192),1842
1730.0,0.0,18.0,False,False,(58; 76; 192),1842
1731.0,0.0,18.0,False,False,(58; 76; 192),1842
1732.0,0.0,18.0,False,False,(58; 76; 192),1842
1733.0,0.0,18.0,False,False,(58; 76; 192),1842
1734.0,0.0,18.0,False,False,(58; 76; 192),1842
1735.0,0.0,18.0,False,False,(58; 76; 192),1842
1736.0,0.0,18.0,False,False,(58; 76; 192),1842
1737.0,0.0,18.0,False,False,(58; 76; 192),1842
1738.0,0.0,18.0,False,False,(58; 76; 192),1842
1739.0,0.0,18.0,False,False,(58; 76; 192),1842
1740.0,0.0,18.0,False,False,(58; 76; 192),1842
1741.0,0.0,18.0,False,False,(58; 76; 192),1842
1742.0,0.0,18.0,False,False,(58; 76; 192),1842
1743.0,0.0,18.0,False,False,(58; 76; 192),1842
1744.0,0.0,18.0,False,False,(58; 76; 192),1842
1745.0,0.0,18.0,False,False,(58; 76; 192),1842
1746.0,0.0,18.0,False,False,(58; 76; 192),1842
1747.0,0.0,18.0,False,False,(58; 76; 192),1842
1748.0,0.0,18.0,False,False,(58; 76; 192),1842
1749.0,0.0,18.0,False,False,(58; 76; 192),1842
1750.0,0.0,18.0,False,False,(58; 76; 192),1842
1751.0,0.0,18.0,False,False,(58; 76; 192),1842
1752.0,0.0,18.0,False,False,(58; 76; 192),1842
1753.0,0.0,18.0,False,False,(58; 76; 192),1842
1754.0,0.0,18.0,False,False,(58; 76; 192),1842
1755.0,0.0,18.0,False,False,(58; 76; 192),1842
1756.0,0.0,18.0,False,False,(58; 76; 192),1842
1757.0,0.0,18.0,False,False,(58; 76; 192),1842
1758.0,0.0,18.0,False,False,(58; 76; 192),1842
1759.0,0.0,18.0,False,False,(58; 76; 192),1842
1760.0,0.0,18.0,False,False,(58; 76; 192),1842
1761.0,0.0,18.0,False,False,(58; 76; 192),1842
1762.0,0.0,18.0,False,False,(58; 76; 192),1842
1763.0,0.0,18.0,False,False,(58; 76; 192),1842
1764.0,0.0,18.0,False,False,(58; 76; 192),1842
1765.0,0.0,18.0,False,False,(58; 76; 192),1842
1766.0,0.0,18.0,False,False,(58; 76; 192),1842
1767.0,0.0,18.0,False,False,(58; 76; 192),1842
1768.0,0.0,18.0,False,False,(58; 76; 192),1842
1769.0,0.0,18.0,False,False,(58; 76; 192),1842
1770.0,0.0,18.0,False,False,(58; 76; 192),1842
1771.0,0.0,18.0,False,False,(58; 76; 192),1842
1772.0,0.0,18.0,False,False,(58; 76; 192),1842
1773.0,0.0,18.0,False,False,(58; 76; 192),1842
1774.0,0.0,18.0,False,False,(58; 76; 192),1842
1775.0,0.0,18.0,False,False,(58; 76; 192),1842
1776.0,0.0,18.0,False,False,(58; 76; 192),1842
1777.0,0.0,18.0,False,False,(58; 76; 192),1842
1778.0,0.0,18.0,False,False,(58; 76; 192),1842
1779.0,0.0,18.0,False,False,(58; 76; 192),1842
1780.0,0.0,18.0,False,False,(58; 76; 192),1842
1781.0,0.0,18.0,False,False,(58; 76; 192),1842
1782.0,0.0,18.0,False,False,(58; 76; 192),1842
1783.0,0.0,18.0,False,False,(58; 76; 192),1842
1784.0,0.0,18.0,False,False,(58; 76; 192),1842
1785.0,0.0,18.0,False,False,(58; 76; 192),1842
1786.0,0.0,18.0,False,False,(58; 76; 192),1842
1787.0,0.0,18.0,False,False,(58; 76; 192),1842
1788.0,0.0,18.0,False,False,(58; 76; 192),1842
1789.0,0.0,18.0,False,False,(58; 76; 192),1842
1790.0,0.0,18.0,False,False,(58; 76; 192),1842
1791.0,0.0,18.0,False,False,(58; 76; 192),1842
1792.0,0.0,18.0,False,False,(58; 76; 192),1842
1793.0,0.0,18.0,False,False,(58; 76; 192),1842
1794.0,0.0,18.0,False,False,(58; 76; 192),1842
1795.0,0.0,18.0,False,False,(58; 76; 192),1842
1796.0,0.0,18.0,False,False,(58; 76; 192),1842
1797.0,0.0,18.0,False,False,(58; 76; 192),1842
1798.0,0.0,18.0,False,False,(58; 76; 192),1842
1799.0,0.0,18.0,False,False,(58; 76; 192),1842
1800.0,0.0,18.0,False,False,(58; 76; 192),1842
1801.0,0.0,18.0,False,False,(58; 76; 192),1842
1802.0,0.0,18.0,False,False,(58; 76; 192),1842
1803.0,0.0,18.0,False,False,(58; 76; 192),1842
1804.0,0.0,18.0,False,False,(58; 76; 192),1842
1805.0,0.0,18.0,False,False,(58; 76; 192),1842
1806.0,0.0,18.0,False,False,(58; 76; 192),1842
1807.0,0.0,18.0,False,False,(58; 76; 192),1842
1808.0,0.0,18.0,False,False,(58; 76; 192),1842
1809.0,0.0,18.0,False,False,(58; 76; 192),1842
1810.0,0.0,18.0,False,False,(58; 76; 192),1842
1811.0,0.0,18.0,False,False,(58; 76; 192),1842
1812.0,0.0,18.0,False,False,(58; 76; 192),1842
1813.0,0.0,18.0,False,False,(58; 76; 192),1842
1814.0,0.0,18.0,False,False,(58; 76; 192),1842
1815.0,0.0,18.0,False,False,(58; 76; 192),1842
1816.0,0.0,18.0,False,False,(58; 76; 192),1842
1817.0,0.0,18.0,False,False,(58; 76; 192),1842
1818.0,0.0,18.0,False,False,(58; 76; 192),1842
1819.0,0.0,18.0,False,False,(58; 76; 192),1842
1820.0,0.0,18.0,False,False,(58; 76; 192),1842
1821.0,0.0,18.0,False,False,(58; 76; 192),1842
1822.0,0.0,18.0,False,False,(58; 76; 192),1842
1823.0,0.0,18.0,False,False,(58; 76; 192),1842
1824.0,0.0,18.0,False,False,(58; 76; 192),1842
1825.0,0.0,18.0,False,False,(58; 76; 192),1842
1826.0,0.0,18.0,False,False,(58; 76; 192),1842
1827.0,0.0,18.0,False,False,(58; 76; 192),1842
1828.0,0.0,18.0,False,False,(58; 76; 192),1842
1829.0,0.0,18.0,False,False,(58; 76; 192),1842
1830.0,0.0,18.0,False,False,(58; 76; 192),1842
1831.0,0.0,18.0,False,False,(58; 76; 192),1842
1832.0,0.0,18.0,False,False,(58; 76; 192),1842
1833.0,0.0,18.0,False,False,(58; 76; 192),1842
1834.0,0.0,18.0,False,False,(58; 76; 192),1842
1835.0,0.0,18.0,False,False,(58; 76; 192),1842
1836.0,0.0,18.022,False,True,(59; 77; 193),1842
1837.0,0.0,18.685,False,True,(112; 147; 243),1842
1838.0,0.0,19.348,False,True,(171; 199; 252),1842
1839.0,0.0,20.011,False,True,(221; 220; 219),1842
1840.0,0.0,20.674,False,True,(246; 182; 154),1842
1841.0,0.0,21.337,False,True,(230; 116; 90),1943
1842.0,1.0,22.0,True,True,(179; 3; 38),1943
1843.0,1.0,22.0,True,True,(179; 3; 38),1943
1844.0,1.0,22.0,True,True,(179; 3; 38),1943
1845.0,1.0,22.0,True,True,(179; 3; 38),1943
1846.0,1.0,22.0,True,True,(179; 3; 38),1943
1847.0,1.0,22.0,True,True,(179; 3; 38),1943
1848.0,1.0,22.0,True,True,(179; 3; 38),1943
1849.0,1.0,22.0,True,True,(179; 3; 38),1943
1850.0,1.0,22.0,True,True,(179; 3; 38),1943
1851.0,1.0,22.0,True,True,(179; 3; 38),1943
1852.0,1.0,22.0,True,True,(179; 3; 38),1943
1853.0,1.0,22.0,True,True,(179; 3; 38),1943
1854.0,1.0,22.0,True,True,(179; 3; 38),1943
1855.0,1.0,22.0,True,True,(179; 3; 38),1943
1856.0,1.0,22.0,True,True,(179; 3; 38),1943
1857.0,1.0,22.0,True,True,(179; 3; 38),1943
1858.0,1.0,22.0,True,True,(179; 3; 38),1943
1859.0,1.0,22.0,True,True,(179; 3; 38),1943
1860.0,0.0,21.0,False,False,(243; 152; 121),1943
1861.0,0.0,20.0,False,False,(221; 220; 219),1943
1862.0,0.0,19.0,False,False,(141; 175; 253),1943
1863.0,0.0,18.0,False,False,(58; 76; 192),1943
1864.0,0.0,18.0,False,False,(58; 76; 192),1943
1865.0,0.0,18.0,False,False,(58; 76; 192),1943
1866.0,0.0,18.0,False,False,(58; 76; 192),1943
1867.0,0.0,18.0,False,False,(58; 76; 192),1943
1868.0,0.0,18.0,False,False,(58; 76; 192),1943
1869.0,0.0,18.0,False,False,(58; 76; 192),1943
1870.0,0.0,18.0,False,False,(58; 76; 192),1943
1871.0,0.0,18.0,False,False,(58; 76; 192),1943
1872.0,0.0,18.0,False,False,(58; 76; 192),1943
1873.0,0.0,18.0,False,False,(58; 76; 192),1943
1874.0,0.0,18.0,False,False,(58; 76; 192),1943
1875.0,0.0,18.0,False,False,(58; 76; 192),1943
1876.0,0.0,18.0,False,False,(58; 76; 192),1943
1877.0,0.0,18.0,False,False,(58; 76; 192),1943
1878.0,0.0,18.0,False,False,(58; 76; 192),1943
1879.0,0.0,18.0,False,False,(58; 76; 192),1943
1880.0,0.0,18.0,False,False,(58; 76; 192),1943
1881.0,0.0,18.0,False,False,(58; 76; 192),1943
1882.0,0.0,18.0,False,False,(58; 76; 192),1943
1883.0,0.0,18.0,False,False,(58; 76; 192),1943
1884.0,0.0,18.0,False,False,(58; 76; 192),1943
1885.0,0.0,18.0,False,False,(58; 76; 192),1943
1886.0,0.0,18.0,False,False,(58; 76; 192),1943
1887.0,0.0,18.0,False,False,(58; 76; 192),1943
1888.0,0.0,18.0,False,False,(58; 76; 192),1943
1889.0,0.0,18.0,False,False,(58; 76; 192),1943
1890.0,0.0,18.0,False,False,(58; 76; 192),1943
1891.0,0.0,18.0,False,False,(58; 76; 192),1943
1892.0,0.0,18.0,False,False,(58; 76; 192),1943
1893.0,0.0,18.0,False,False,(58; 76; 192),1943
1894.0,0.0,18.0,False,False,(58; 76; 192),1943
1895.0,0.0,18.0,False,False,(58; 76; 192),1943
1896.0,0.0,18.0,False,False,(58; 76; 192),1943
1897.0,0.0,18.0,False,False,(58; 76; 192),1943
1898.0,0.0,18.0,False,False,(58; 76; 192),1943
1899.0,0.0,18.0,False,False,(58; 76; 192),1943
1900.0,0.0,18.0,False,False,(58; 76; 192),1943
1901.0,0.0,18.0,False,False,(58; 76; 192),1943
1902.0,0.0,18.0,False,False,(58; 76; 192),1943
1903.0,0.0,18.0,False,False,(58; 76; 192),1943
1904.0,0.0,18.0,False,False,(58; 76; 192),1943
1905.0,0.0,18.0,False,False,(58; 76; 192),1943
1906.0,0.0,18.0,False,False,(58; 76; 192),1943
1907.0,0.0,18.0,False,False,(58; 76; 192),1943
1908.0,0.0,18.0,False,False,(58; 76; 192),1943
1909.0,0.0,18.0,False,False,(58; 76; 192),1943
1910.0,0.0,18.0,False,False,(58; 76; 192),1943
1911.0,0.0,18.0,False,False,(58; 76; 192),1943
1912.0,0.0,18.0,False,False,(58; 76; 192),1943
1913.0,0.0,18.0,False,False,(58; 76; 192),1943
1914.0,0.0,18.0,False,False,(58; 76; 192),1943
1915.0,0.0,18.0,False,False,(58; 76; 192),1943
1916.0,0.0,18.0,False,False,(58; 76; 192),1943
1917.0,0.0,18.0,False,False,(58; 76; 192),1943
1918.0,0.0,18.0,False,False,(58; 76; 192),1943
1919.0,0.0,18.0,False,False,(58; 76; 192),1943
1920.0,0.0,18.0,False,False,(58; 76; 192),1943
1921.0,0.0,18.0,False,False,(58; 76; 192),1943
1922.0,0.0,18.0,False,False,(58; 76; 192),1943
1923.0,0.0,18.0,False,False,(58; 76; 192),1943
1924.0,0.0,18.0,False,False,(58; 76; 192),1943
1925.0,0.0,18.0,False,False,(58; 76; 192),1943
1926.0,0.0,18.0,False,False,(58; 76; 192),1943
1927.0,0.0,18.0,False,False,(58; 76; 192),1943
1928.0,0.0,18.0,False,False,(58; 76; 192),1943
1929.0,0.0,18.0,False,False,(58; 76; 192),1943
1930.0,0.0,18.0,False,False,(58; 76; 192),1943
1931.0,0.0,18.0,False,False,(58; 76; 192),1943
1932.0,0.0,18.0,False,False,(58; 76; 192),1943
1933.0,0.0,18.0,False,False,(58; 76; 192),1943
1934.0,0.0,18.0,False,False,(58; 76; 192),1943
1935.0,0.0,18.0,False,False,(58; 76; 192),1943
1936.0,0.0,18.0,False,False,(58; 76; 192),1943
1937.0,0.0,18.022,False,True,(59; 77; 193),1943
1938.0,0.0,18.685,False,True,(112; 147; 243),1943
1939.0,0.0,19.348,False,True,(171; 199; 252),1943
1940.0,0.0,20.011,False,True,(221; 220; 219),1943
1941.0,0.0,20.674,False,True,(246; 182; 154),1943
1942.0,0.0,21.337,False,True,(230; 116; 90),1943
1943.0,2.0,22.0,True,True,(179; 3; 38),808
1944.0,2.0,22.0,True,True,(179; 3; 38),808
1945.0,2.0,22.0,True,True,(179; 3; 38),808
1946.0,2.0,22.0,True,True,(179; 3; 38),808
1947.0,2.0,22.0,True,True,(179; 3; 38),808
1948.0,2.0,22.0,True,True,(179; 3; 38),808
1949.0,2.0,22.0,True,True,(179; 3; 38),808
1950.0,2.0,22.0,True,True,(179; 3; 38),808
1951.0,2.0,22.0,True,True,(179; 3; 38),808
1952.0,2.0,22.0,True,True,(179; 3; 38),808
1953.0,2.0,22.0,True,True,(179; 3; 38),808
1954.0,2.0,22.0,True,True,(179; 3; 38),808
1955.0,2.0,22.0,True,True,(179; 3; 38),808
1956.0,2.0,22.0,True,True,(179; 3; 38),808
1957.0,2.0,22.0,True,True,(179; 3; 38),808
1958.0,2.0,22.0,True,True,(179; 3; 38),808
1959.0,2.0,22.0,True,True,(179; 3; 38),808
1960.0,2.0,22.0,True,True,(179; 3; 38),808
1961.0,2.0,22.0,True,True,(179; 3; 38),808
1962.0,2.0,22.0,True,True,(179; 3; 38),808
1963.0,2.0,22.0,True,True,(179; 3; 38),808
1964.0,2.0,22.0,True,True,(179; 3; 38),808
1965.0,2.0,22.0,True,True,(179; 3; 38),808
1966.0,2.0,22.0,True,True,(179; 3; 38),808
1967.0,2.0,22.0,True,True,(179; 3; 38),808
1968.0,2.0,22.0,True,True,(179; 3; 38),808
1969.0,2.0,22.0,True,True,(179; 3; 38),808
1970.0,2.0,22.0,True,True,(179; 3; 38),808
1971.0,2.0,22.0,True,True,(179; 3; 38),808
1972.0,2.0,22.0,True,True,(179; 3; 38),808
1973.0,2.0,22.0,True,True,(179; 3; 38),808
1974.0,2.0,22.0,True,True,(179; 3; 38),808
1975.0,2.0,22.0,True,True,(179; 3; 38),808
1976.0,2.0,22.0,True,True,(179; 3; 38),808
1977.0,2.0,22.0,True,True,(179; 3; 38),808
1978.0,2.0,22.0,True,True,(179; 3; 38),808
1979.0,2.0,22.0,True,True,(179; 3; 38),808
1980.0,2.0,22.0,True,True,(179; 3; 38),808
1981.0,2.0,22.0,True,True,(179; 3; 38),808
1982.0,2.0,22.0,True,True,(179; 3; 38),808
1983.0,2.0,22.0,True,True,(179; 3; 38),808
1984.0,2.0,22.0,True,True,(179; 3; 38),808
1985.0,2.0,22.0,True,True,(179; 3; 38),808
1986.0,2.0,22.0,True,True,(179; 3; 38),808
1987.0,2.0,22.0,True,True,(179; 3; 38),808
1988.0,2.0,22.0,True,True,(179; 3; 38),808
1989.0,2.0,22.0,True,True,(179; 3; 38),808
1990.0,2.0,22.0,True,True,(179; 3; 38),808
1991.0,2.0,22.0,True,True,(179; 3; 38),808
1992.0,2.0,22.0,True,True,(179; 3; 38),808
1993.0,2.0,22.0,True,True,(179; 3; 38),808
1994.0,2.0,22.0,True,True,(179; 3; 38),808
1995.0,2.0,22.0,True,True,(179; 3; 38),808
1996.0,2.0,22.0,True,True,(179; 3; 38),808
1997.0,2.0,22.0,True,True,(179; 3; 38),808
1998.0,2.0,22.0,True,True,(179; 3; 38),808
1999.0,2.0,22.0,True,True,(179; 3; 38),808
2000.0,2.0,22.0,True,True,(179; 3; 38),808
2001.0,2.0,22.0,True,True,(179; 3; 38),808
2002.0,2.0,22.0,True,True,(179; 3; 38),808
2003.0,2.0,22.0,True,True,(179; 3; 38),808
2004.0,2.0,22.0,True,True,(179; 3; 38),808
2005.0,2.0,22.0,True,True,(179; 3; 38),808
2006.0,2.0,22.0,True,True,(179; 3; 38),808
2007.0,2.0,22.0,True,True,(179; 3; 38),808
2008.0,2.0,22.0,True,True,(179; 3; 38),808
2009.0,2.0,22.0,True,True,(179; 3; 38),808
2010.0,2.0,22.0,True,True,(179; 3; 38),808
2011.0,2.0,22.0,True,True,(179; 3; 38),808
2012.0,2.0,22.0,True,True,(179; 3; 38),808
2013.0,2.0,22.0,True,True,(179; 3; 38),808
2014.0,2.0,22.0,True,True,(179; 3; 38),808
2015.0,2.0,22.0,True,True,(179; 3; 38),808
2016.0,2.0,22.0,True,True,(179; 3; 38),808
2017.0,2.0,22.0,True,True,(179; 3; 38),808
2018.0,2.0,22.0,True,True,(179; 3; 38),808
2019.0,2.0,22.0,True,True,(179; 3; 38),808
2020.0,0.0,21.0,False,False,(243; 152; 121),808
